// Generated by internal/shadergen using DXC 1.9.2609.5; DO NOT EDIT.
// Source + GPU ABI SHA256: 9174474954c912e2e21e763b3c2abce7eef884827c2754b1a3768d1022ccc356
// vertex_main, vs_6_0, 5180 bytes
static const unsigned char gd_dx12_vertex[] = {
    0x44,0x58,0x42,0x43,0xc4,0xe4,0xbc,0xeb,0xf4,0x9d,0x68,0xb4,0x91,0x21,0xec,0x40,
    0x20,0xb6,0xd8,0x88,0x01,0x00,0x00,0x00,0x3c,0x14,0x00,0x00,0x06,0x00,0x00,0x00,
    0x38,0x00,0x00,0x00,0x48,0x00,0x00,0x00,0xb4,0x00,0x00,0x00,0xe0,0x02,0x00,0x00,
    0x90,0x05,0x00,0x00,0xac,0x05,0x00,0x00,0x53,0x46,0x49,0x30,0x08,0x00,0x00,0x00,
    0x00,0x00,0x00,0x00,0x00,0x00,0x00,0x00,0x49,0x53,0x47,0x31,0x64,0x00,0x00,0x00,
    0x02,0x00,0x00,0x00,0x08,0x00,0x00,0x00,0x00,0x00,0x00,0x00,0x48,0x00,0x00,0x00,
    0x00,0x00,0x00,0x00,0x06,0x00,0x00,0x00,0x01,0x00,0x00,0x00,0x00,0x00,0x00,0x00,
    0x01,0x01,0x00,0x00,0x00,0x00,0x00,0x00,0x00,0x00,0x00,0x00,0x54,0x00,0x00,0x00,
    0x00,0x00,0x00,0x00,0x08,0x00,0x00,0x00,0x01,0x00,0x00,0x00,0x01,0x00,0x00,0x00,
    0x01,0x01,0x00,0x00,0x00,0x00,0x00,0x00,0x53,0x56,0x5f,0x56,0x65,0x72,0x74,0x65,
    0x78,0x49,0x44,0x00,0x53,0x56,0x5f,0x49,0x6e,0x73,0x74,0x61,0x6e,0x63,0x65,0x49,
    0x44,0x00,0x00,0x00,0x4f,0x53,0x47,0x31,0x24,0x02,0x00,0x00,0x10,0x00,0x00,0x00,
    0x08,0x00,0x00,0x00,0x00,0x00,0x00,0x00,0x08,0x02,0x00,0x00,0x00,0x00,0x00,0x00,
    0x01,0x00,0x00,0x00,0x03,0x00,0x00,0x00,0x00,0x00,0x00,0x00,0x0f,0x00,0x00,0x00,
    0x00,0x00,0x00,0x00,0x00,0x00,0x00,0x00,0x14,0x02,0x00,0x00,0x00,0x00,0x00,0x00,
    0x00,0x00,0x00,0x00,0x03,0x00,0x00,0x00,0x01,0x00,0x00,0x00,0x03,0x0c,0x00,0x00,
    0x00,0x00,0x00,0x00,0x00,0x00,0x00,0x00,0x14,0x02,0x00,0x00,0x01,0x00,0x00,0x00,
    0x00,0x00,0x00,0x00,0x03,0x00,0x00,0x00,0x01,0x00,0x00,0x00,0x0c,0x03,0x00,0x00,
    0x00,0x00,0x00,0x00,0x00,0x00,0x00,0x00,0x14,0x02,0x00,0x00,0x02,0x00,0x00,0x00,
    0x00,0x00,0x00,0x00,0x03,0x00,0x00,0x00,0x02,0x00,0x00,0x00,0x03,0x0c,0x00,0x00,
    0x00,0x00,0x00,0x00,0x00,0x00,0x00,0x00,0x14,0x02,0x00,0x00,0x05,0x00,0x00,0x00,
    0x00,0x00,0x00,0x00,0x03,0x00,0x00,0x00,0x02,0x00,0x00,0x00,0x04,0x0b,0x00,0x00,
    0x00,0x00,0x00,0x00,0x00,0x00,0x00,0x00,0x14,0x02,0x00,0x00,0x06,0x00,0x00,0x00,
    0x00,0x00,0x00,0x00,0x01,0x00,0x00,0x00,0x02,0x00,0x00,0x00,0x08,0x07,0x00,0x00,
    0x00,0x00,0x00,0x00,0x00,0x00,0x00,0x00,0x14,0x02,0x00,0x00,0x03,0x00,0x00,0x00,
    0x00,0x00,0x00,0x00,0x03,0x00,0x00,0x00,0x03,0x00,0x00,0x00,0x03,0x0c,0x00,0x00,
    0x00,0x00,0x00,0x00,0x00,0x00,0x00,0x00,0x1d,0x02,0x00,0x00,0x00,0x00,0x00,0x00,
    0x00,0x00,0x00,0x00,0x03,0x00,0x00,0x00,0x04,0x00,0x00,0x00,0x0f,0x00,0x00,0x00,
    0x00,0x00,0x00,0x00,0x00,0x00,0x00,0x00,0x14,0x02,0x00,0x00,0x04,0x00,0x00,0x00,
    0x00,0x00,0x00,0x00,0x03,0x00,0x00,0x00,0x05,0x00,0x00,0x00,0x0f,0x00,0x00,0x00,
    0x00,0x00,0x00,0x00,0x00,0x00,0x00,0x00,0x14,0x02,0x00,0x00,0x07,0x00,0x00,0x00,
    0x00,0x00,0x00,0x00,0x01,0x00,0x00,0x00,0x06,0x00,0x00,0x00,0x01,0x0e,0x00,0x00,
    0x00,0x00,0x00,0x00,0x00,0x00,0x00,0x00,0x14,0x02,0x00,0x00,0x0d,0x00,0x00,0x00,
    0x00,0x00,0x00,0x00,0x03,0x00,0x00,0x00,0x06,0x00,0x00,0x00,0x06,0x09,0x00,0x00,
    0x00,0x00,0x00,0x00,0x00,0x00,0x00,0x00,0x14,0x02,0x00,0x00,0x08,0x00,0x00,0x00,
    0x00,0x00,0x00,0x00,0x03,0x00,0x00,0x00,0x07,0x00,0x00,0x00,0x0f,0x00,0x00,0x00,
    0x00,0x00,0x00,0x00,0x00,0x00,0x00,0x00,0x14,0x02,0x00,0x00,0x09,0x00,0x00,0x00,
    0x00,0x00,0x00,0x00,0x03,0x00,0x00,0x00,0x08,0x00,0x00,0x00,0x0f,0x00,0x00,0x00,
    0x00,0x00,0x00,0x00,0x00,0x00,0x00,0x00,0x14,0x02,0x00,0x00,0x0a,0x00,0x00,0x00,
    0x00,0x00,0x00,0x00,0x03,0x00,0x00,0x00,0x09,0x00,0x00,0x00,0x0f,0x00,0x00,0x00,
    0x00,0x00,0x00,0x00,0x00,0x00,0x00,0x00,0x14,0x02,0x00,0x00,0x0b,0x00,0x00,0x00,
    0x00,0x00,0x00,0x00,0x03,0x00,0x00,0x00,0x0a,0x00,0x00,0x00,0x0f,0x00,0x00,0x00,
    0x00,0x00,0x00,0x00,0x00,0x00,0x00,0x00,0x14,0x02,0x00,0x00,0x0c,0x00,0x00,0x00,
    0x00,0x00,0x00,0x00,0x03,0x00,0x00,0x00,0x0b,0x00,0x00,0x00,0x0f,0x00,0x00,0x00,
    0x00,0x00,0x00,0x00,0x53,0x56,0x5f,0x50,0x6f,0x73,0x69,0x74,0x69,0x6f,0x6e,0x00,
    0x54,0x45,0x58,0x43,0x4f,0x4f,0x52,0x44,0x00,0x43,0x4f,0x4c,0x4f,0x52,0x00,0x00,
    0x50,0x53,0x56,0x30,0xa8,0x02,0x00,0x00,0x34,0x00,0x00,0x00,0x01,0x00,0x00,0x00,
    0x00,0x00,0x00,0x00,0x00,0x00,0x00,0x00,0x00,0x00,0x00,0x00,0x00,0x00,0x00,0x00,
    0xff,0xff,0xff,0xff,0x01,0x00,0x00,0x00,0x02,0x10,0x00,0x02,0x0c,0x00,0x00,0x00,
    0x00,0x00,0x00,0x00,0x00,0x00,0x00,0x00,0x00,0x00,0x00,0x00,0x85,0x00,0x00,0x00,
    0x02,0x00,0x00,0x00,0x18,0x00,0x00,0x00,0x02,0x00,0x00,0x00,0x00,0x00,0x00,0x00,
    0x00,0x00,0x00,0x00,0x00,0x00,0x00,0x00,0x0d,0x00,0x00,0x00,0x00,0x00,0x00,0x00,
    0x05,0x00,0x00,0x00,0x00,0x00,0x00,0x00,0x00,0x00,0x00,0x00,0x00,0x00,0x00,0x00,
    0x0c,0x00,0x00,0x00,0x00,0x00,0x00,0x00,0x94,0x00,0x00,0x00,0x00,0x54,0x45,0x58,
    0x43,0x4f,0x4f,0x52,0x44,0x00,0x54,0x45,0x58,0x43,0x4f,0x4f,0x52,0x44,0x00,0x54,
    0x45,0x58,0x43,0x4f,0x4f,0x52,0x44,0x00,0x54,0x45,0x58,0x43,0x4f,0x4f,0x52,0x44,
    0x00,0x43,0x4f,0x4c,0x4f,0x52,0x00,0x54,0x45,0x58,0x43,0x4f,0x4f,0x52,0x44,0x00,
    0x54,0x45,0x58,0x43,0x4f,0x4f,0x52,0x44,0x00,0x54,0x45,0x58,0x43,0x4f,0x4f,0x52,
    0x44,0x00,0x54,0x45,0x58,0x43,0x4f,0x4f,0x52,0x44,0x00,0x54,0x45,0x58,0x43,0x4f,
    0x4f,0x52,0x44,0x00,0x54,0x45,0x58,0x43,0x4f,0x4f,0x52,0x44,0x00,0x54,0x45,0x58,
    0x43,0x4f,0x4f,0x52,0x44,0x00,0x54,0x45,0x58,0x43,0x4f,0x4f,0x52,0x44,0x00,0x54,
    0x45,0x58,0x43,0x4f,0x4f,0x52,0x44,0x00,0x54,0x45,0x58,0x43,0x4f,0x4f,0x52,0x44,
    0x00,0x76,0x65,0x72,0x74,0x65,0x78,0x5f,0x6d,0x61,0x69,0x6e,0x00,0x00,0x00,0x00,
    0x0e,0x00,0x00,0x00,0x00,0x00,0x00,0x00,0x01,0x00,0x00,0x00,0x02,0x00,0x00,0x00,
    0x03,0x00,0x00,0x00,0x04,0x00,0x00,0x00,0x05,0x00,0x00,0x00,0x06,0x00,0x00,0x00,
    0x07,0x00,0x00,0x00,0x08,0x00,0x00,0x00,0x09,0x00,0x00,0x00,0x0a,0x00,0x00,0x00,
    0x0b,0x00,0x00,0x00,0x0c,0x00,0x00,0x00,0x0d,0x00,0x00,0x00,0x10,0x00,0x00,0x00,
    0x00,0x00,0x00,0x00,0x00,0x00,0x00,0x00,0x01,0x00,0x41,0x01,0x01,0x00,0x00,0x00,
    0x00,0x00,0x00,0x00,0x00,0x00,0x00,0x00,0x01,0x01,0x41,0x02,0x01,0x00,0x00,0x00,
    0x00,0x00,0x00,0x00,0x00,0x00,0x00,0x00,0x01,0x00,0x44,0x03,0x03,0x04,0x00,0x00,
    0x01,0x00,0x00,0x00,0x00,0x00,0x00,0x00,0x01,0x01,0x42,0x00,0x03,0x02,0x00,0x00,
    0x0a,0x00,0x00,0x00,0x01,0x00,0x00,0x00,0x01,0x01,0x62,0x00,0x03,0x02,0x00,0x00,
    0x13,0x00,0x00,0x00,0x02,0x00,0x00,0x00,0x01,0x02,0x42,0x00,0x03,0x01,0x00,0x00,
    0x1c,0x00,0x00,0x00,0x03,0x00,0x00,0x00,0x01,0x03,0x42,0x00,0x03,0x02,0x00,0x00,
    0x25,0x00,0x00,0x00,0x00,0x00,0x00,0x00,0x01,0x04,0x44,0x00,0x03,0x01,0x00,0x00,
    0x2b,0x00,0x00,0x00,0x04,0x00,0x00,0x00,0x01,0x05,0x44,0x00,0x03,0x01,0x00,0x00,
    0x34,0x00,0x00,0x00,0x05,0x00,0x00,0x00,0x01,0x02,0x61,0x00,0x03,0x01,0x00,0x00,
    0x3d,0x00,0x00,0x00,0x06,0x00,0x00,0x00,0x01,0x02,0x71,0x00,0x01,0x01,0x00,0x00,
    0x46,0x00,0x00,0x00,0x07,0x00,0x00,0x00,0x01,0x06,0x41,0x00,0x01,0x01,0x00,0x00,
    0x4f,0x00,0x00,0x00,0x08,0x00,0x00,0x00,0x01,0x07,0x44,0x00,0x03,0x01,0x00,0x00,
    0x58,0x00,0x00,0x00,0x09,0x00,0x00,0x00,0x01,0x08,0x44,0x00,0x03,0x01,0x00,0x00,
    0x61,0x00,0x00,0x00,0x0a,0x00,0x00,0x00,0x01,0x09,0x44,0x00,0x03,0x01,0x00,0x00,
    0x6a,0x00,0x00,0x00,0x0b,0x00,0x00,0x00,0x01,0x0a,0x44,0x00,0x03,0x01,0x00,0x00,
    0x73,0x00,0x00,0x00,0x0c,0x00,0x00,0x00,0x01,0x0b,0x44,0x00,0x03,0x01,0x00,0x00,
    0x7c,0x00,0x00,0x00,0x0d,0x00,0x00,0x00,0x01,0x06,0x52,0x00,0x03,0x01,0x00,0x00,
    0xf3,0x30,0x00,0x00,0x00,0x00,0x00,0x00,0x00,0x00,0x00,0x00,0x00,0x00,0x00,0x00,
    0x00,0x00,0x00,0x00,0x00,0x00,0x00,0x00,0x00,0x00,0x00,0x00,0x00,0x00,0x00,0x00,
    0xf3,0x3f,0xff,0xf7,0xff,0xff,0x00,0x00,0x00,0x00,0x00,0x00,0x00,0x00,0x00,0x00,
    0x00,0x00,0x00,0x00,0x00,0x00,0x00,0x00,0x00,0x00,0x00,0x00,0x00,0x00,0x00,0x00,
    0x48,0x41,0x53,0x48,0x14,0x00,0x00,0x00,0x00,0x00,0x00,0x00,0xb8,0xe6,0xe5,0xbc,
    0xef,0x19,0xad,0x29,0xe6,0xce,0x76,0xdb,0x08,0x0c,0xef,0xc7,0x44,0x58,0x49,0x4c,
    0x88,0x0e,0x00,0x00,0x60,0x00,0x01,0x00,0xa2,0x03,0x00,0x00,0x44,0x58,0x49,0x4c,
    0x00,0x01,0x00,0x00,0x10,0x00,0x00,0x00,0x70,0x0e,0x00,0x00,0x42,0x43,0xc0,0xde,
    0x21,0x0c,0x00,0x00,0x99,0x03,0x00,0x00,0x0b,0x82,0x20,0x00,0x02,0x00,0x00,0x00,
    0x13,0x00,0x00,0x00,0x07,0x81,0x23,0x91,0x41,0xc8,0x04,0x49,0x06,0x10,0x32,0x39,
    0x92,0x01,0x84,0x0c,0x25,0x05,0x08,0x19,0x1e,0x04,0x8b,0x62,0x80,0x18,0x45,0x02,
    0x42,0x92,0x0b,0x42,0xc4,0x10,0x32,0x14,0x38,0x08,0x18,0x4b,0x0a,0x32,0x62,0x88,
    0x48,0x90,0x14,0x20,0x43,0x46,0x88,0xa5,0x00,0x19,0x32,0x42,0xe4,0x48,0x0e,0x90,
    0x11,0x23,0xc4,0x50,0x41,0x51,0x81,0x8c,0xe1,0x83,0xe5,0x8a,0x04,0x31,0x46,0x06,
    0x51,0x18,0x00,0x00,0x08,0x00,0x00,0x00,0x1b,0x8c,0xe0,0xff,0xff,0xff,0xff,0x07,
    0x40,0x02,0xa8,0x0d,0x84,0xf0,0xff,0xff,0xff,0xff,0x03,0x20,0x6d,0x30,0x86,0xff,
    0xff,0xff,0xff,0x1f,0x00,0x09,0xa8,0x00,0x49,0x18,0x00,0x00,0x03,0x00,0x00,0x00,
    0x13,0x82,0x60,0x42,0x20,0x4c,0x08,0x06,0x00,0x00,0x00,0x00,0x89,0x20,0x00,0x00,
    0x49,0x00,0x00,0x00,0x32,0x22,0x88,0x09,0x20,0x64,0x85,0x04,0x13,0x23,0xa4,0x84,
    0x04,0x13,0x23,0xe3,0x84,0xa1,0x90,0x14,0x12,0x4c,0x8c,0x8c,0x0b,0x84,0xc4,0x4c,
    0x10,0xb4,0xc1,0x0c,0x40,0x32,0x00,0x14,0x8c,0x00,0x94,0x60,0x20,0x62,0x8e,0x00,
    0x0c,0xe6,0x08,0x90,0x62,0x18,0x86,0x61,0x1c,0x06,0x21,0xc5,0x18,0x0c,0xc3,0x38,
    0x00,0x52,0x8a,0x31,0x18,0x86,0x71,0x18,0xc4,0x14,0x02,0x30,0x00,0x80,0x9c,0x32,
    0x00,0x06,0x40,0xd0,0x51,0xc3,0xe5,0x4f,0xd8,0x43,0x48,0x3e,0xb7,0x51,0xc5,0x4a,
    0x4c,0x7e,0x71,0xdb,0x88,0x00,0x00,0x00,0xa0,0xe3,0x9e,0xe1,0xf2,0x27,0xec,0x21,
    0x24,0x3f,0x04,0x9a,0x61,0x21,0x50,0x30,0x15,0x42,0x32,0x28,0x83,0xaa,0x39,0x82,
    0xa0,0x18,0x94,0x71,0x18,0xc6,0x45,0xd8,0x4d,0xc3,0xe5,0x4f,0xd8,0x43,0x48,0xfe,
    0x4a,0x48,0x2b,0x31,0xf9,0xc5,0x6d,0xa3,0x02,0x00,0x00,0xc0,0x28,0x85,0x66,0x50,
    0x86,0x41,0xdb,0x4d,0xc3,0xe5,0x4f,0xd8,0x43,0x48,0xfe,0x4a,0x48,0x2b,0x31,0xf9,
    0xc8,0x6d,0xa3,0xc2,0x30,0x0c,0xc3,0x28,0x45,0x67,0x50,0x86,0x41,0xde,0x40,0xc0,
    0x30,0x02,0x01,0x0c,0x23,0x08,0x40,0x12,0x84,0xf7,0x48,0x53,0x44,0x09,0x93,0x2f,
    0x36,0xd2,0x04,0x34,0x02,0x81,0x92,0x30,0x0c,0x43,0xc0,0x10,0xc7,0x70,0x26,0x30,
    0x18,0x07,0x76,0x08,0x87,0x79,0x98,0x07,0x37,0x98,0x05,0x7a,0x90,0x87,0x7a,0x18,
    0x07,0x7a,0xa8,0x07,0x79,0x28,0x07,0x72,0x10,0x85,0x7a,0x30,0x07,0x73,0x28,0x07,
    0x79,0xe0,0x83,0x54,0x70,0x87,0x79,0xa0,0x87,0x70,0x70,0x87,0x71,0x28,0x07,0x3f,
    0x40,0x01,0x49,0xe5,0x15,0x5f,0x04,0x30,0x04,0x12,0x44,0x91,0xce,0x64,0x30,0xe6,
    0x08,0x40,0x81,0x80,0x29,0x00,0x00,0x00,0x13,0x14,0x72,0xc0,0x87,0x74,0x60,0x87,
    0x36,0x68,0x87,0x79,0x68,0x03,0x72,0xc0,0x87,0x0d,0xaf,0x50,0x0e,0x6d,0xd0,0x0e,
    0x7a,0x50,0x0e,0x6d,0x00,0x0f,0x7a,0x30,0x07,0x72,0xa0,0x07,0x73,0x20,0x07,0x6d,
    0x90,0x0e,0x71,0xa0,0x07,0x73,0x20,0x07,0x6d,0x90,0x0e,0x78,0xa0,0x07,0x73,0x20,
    0x07,0x6d,0x90,0x0e,0x71,0x60,0x07,0x7a,0x30,0x07,0x72,0xd0,0x06,0xe9,0x30,0x07,
    0x72,0xa0,0x07,0x73,0x20,0x07,0x6d,0x90,0x0e,0x76,0x40,0x07,0x7a,0x60,0x07,0x74,
    0xd0,0x06,0xe6,0x10,0x07,0x76,0xa0,0x07,0x73,0x20,0x07,0x6d,0x60,0x0e,0x73,0x20,
    0x07,0x7a,0x30,0x07,0x72,0xd0,0x06,0xe6,0x60,0x07,0x74,0xa0,0x07,0x76,0x40,0x07,
    0x6d,0xe0,0x0e,0x78,0xa0,0x07,0x71,0x60,0x07,0x7a,0x30,0x07,0x72,0xa0,0x07,0x76,
    0x40,0x07,0x3a,0x0f,0x24,0x90,0x21,0x23,0x45,0x44,0x00,0x1e,0xd2,0x60,0x3c,0xe4,
    0x21,0x00,0x00,0x00,0x00,0x00,0x00,0x00,0x00,0x00,0x00,0x60,0xc8,0x83,0x00,0x01,
    0x10,0x00,0x00,0x00,0x00,0x00,0x00,0x00,0xc0,0x90,0x47,0x01,0x02,0x40,0x00,0x00,
    0x00,0x00,0x00,0x00,0x00,0x80,0x21,0x0f,0x03,0x04,0x80,0x00,0x00,0x00,0x00,0x00,
    0x00,0x00,0x00,0x43,0x1e,0x07,0x08,0x80,0x00,0x00,0x00,0x00,0x00,0x00,0x00,0x00,
    0x86,0x3c,0x10,0x10,0x00,0x01,0x00,0x00,0x00,0x00,0x00,0x00,0x00,0x0c,0x79,0x2a,
    0x20,0x00,0x06,0x00,0x00,0x00,0x00,0x00,0x00,0x00,0x18,0xf2,0x60,0x40,0x00,0x0c,
    0x00,0x00,0x00,0x00,0x00,0x00,0x00,0x30,0xe4,0xd9,0x80,0x00,0x18,0x00,0x00,0x00,
    0x00,0x00,0x00,0x00,0x60,0xc8,0xe3,0x01,0x01,0x30,0x00,0x00,0x00,0x00,0x00,0x00,
    0x00,0x40,0x16,0x08,0x1f,0x00,0x00,0x00,0x32,0x1e,0x98,0x18,0x19,0x11,0x4c,0x90,
    0x8c,0x09,0x26,0x47,0xc6,0x04,0x43,0x52,0x0b,0x84,0x8c,0x12,0x18,0x01,0x28,0x89,
    0x62,0x28,0x8c,0x02,0x16,0x28,0x90,0x32,0x28,0x8f,0x22,0x28,0x84,0x52,0x28,0x87,
    0x82,0x28,0x8a,0xb2,0x28,0x8d,0xe2,0xa0,0xa3,0x14,0x4a,0x60,0x04,0xa0,0x08,0x4a,
    0xa2,0x0c,0x0a,0x81,0xcc,0x19,0x00,0x42,0x67,0x00,0x28,0x1d,0x8b,0x29,0xe0,0x60,
    0x3e,0x19,0x00,0x00,0x00,0x00,0x00,0xe6,0xff,0xf5,0xff,0x7d,0xf8,0xff,0x3f,0xa0,
    0x60,0x2c,0x06,0x00,0x40,0x10,0x04,0xf1,0x0f,0x00,0x40,0x10,0x04,0xf1,0x0f,0x04,
    0x41,0x10,0xff,0x00,0x10,0x04,0x41,0xfc,0x03,0x41,0x10,0xc4,0x3f,0x00,0x04,0x41,
    0x10,0xff,0x00,0x00,0x79,0x18,0x00,0x00,0xba,0x00,0x00,0x00,0x1a,0x03,0x4c,0x90,
    0x46,0x02,0x13,0xc4,0x8e,0x0c,0x6f,0xec,0xed,0x4d,0x0c,0x24,0xc6,0x25,0xc7,0x45,
    0xc6,0x06,0x26,0xc7,0xa5,0x06,0x04,0x05,0x26,0x46,0xcc,0x46,0x26,0x8c,0x8c,0xe6,
    0x26,0x65,0x43,0x10,0x4c,0x10,0x0c,0x66,0x82,0x60,0x34,0x1b,0x84,0x81,0x98,0x20,
    0x18,0xce,0x06,0x61,0x30,0x28,0xd8,0xcd,0x4d,0x10,0x8c,0x67,0xc3,0x80,0x24,0xc4,
    0x04,0xc1,0x0c,0xca,0x80,0xc0,0x04,0xc1,0x80,0x26,0x08,0x46,0xb4,0x41,0x18,0x9c,
    0x0d,0x09,0xb1,0x30,0x04,0x31,0x34,0xc4,0xb3,0x21,0x80,0x26,0x08,0x68,0x60,0x06,
    0x13,0x04,0x43,0xda,0x80,0x10,0x12,0x43,0x10,0xc3,0x04,0x6c,0x08,0xa8,0x0d,0x44,
    0x04,0x54,0xc0,0x04,0x21,0x0d,0xce,0x60,0x43,0x70,0x4d,0x10,0x8a,0x80,0x8b,0x5d,
    0x99,0x1c,0x5d,0x19,0xde,0x57,0x5b,0x58,0x9a,0x1b,0x97,0x29,0xab,0x2f,0xab,0x32,
    0x39,0xba,0x32,0xbc,0x24,0xa2,0x09,0xc2,0xe1,0x4d,0x10,0x8e,0x6f,0x43,0x40,0x4c,
    0x10,0x0e,0x30,0x98,0x20,0x18,0xd3,0x06,0x01,0x0c,0x86,0x0d,0x0b,0xb1,0x71,0x9d,
    0xf7,0x0d,0x1d,0xf1,0x85,0x01,0x9b,0x29,0xab,0xaf,0x24,0xb7,0x39,0xba,0x30,0xb7,
    0xb1,0xb2,0x24,0xa2,0x09,0xc2,0x11,0x06,0x1b,0x96,0x61,0x0c,0x38,0x32,0xf0,0xbe,
    0xa1,0x1b,0xbe,0x30,0xd8,0x20,0x88,0x41,0x19,0x70,0x99,0xb2,0xfa,0x82,0x7a,0x9b,
    0x4b,0xa3,0x4b,0x7b,0x73,0x9b,0x20,0x1c,0x62,0x30,0x41,0x38,0xc6,0x60,0x82,0x70,
    0x90,0xc1,0x04,0xc1,0xa0,0x36,0x08,0x60,0xb0,0x06,0x1b,0x16,0xe2,0x0c,0xd0,0x20,
    0x0d,0x3c,0x35,0x18,0xd4,0x80,0xf8,0xd8,0x80,0x08,0x55,0x11,0xd6,0xd0,0xd3,0x93,
    0x14,0xd1,0x06,0x01,0x0c,0xc0,0x60,0xc3,0x32,0xb8,0x01,0x1a,0x7c,0x1e,0x19,0x0c,
    0x64,0x30,0x7c,0x6f,0x30,0x41,0x30,0xaa,0x0d,0xc1,0xb0,0x61,0x89,0x03,0x37,0x40,
    0x83,0x4f,0x0e,0xc8,0x60,0x20,0x83,0x81,0x0c,0xde,0x60,0x43,0x10,0x07,0x1b,0x16,
    0x30,0x70,0x03,0x34,0xf8,0xe8,0xa0,0x1b,0xc8,0x20,0x0e,0xbe,0x37,0x98,0x20,0x18,
    0xd6,0x86,0x00,0x0c,0x36,0x2c,0x76,0xe0,0x06,0x68,0xf0,0xdd,0x01,0x19,0x0c,0x64,
    0x00,0x06,0xdf,0x1b,0x4c,0x10,0x8c,0x8b,0xc5,0xd0,0x13,0xd3,0x93,0xd4,0x86,0x25,
    0x0f,0xf4,0x00,0x0d,0x3e,0xaf,0x1b,0xd4,0xc0,0x0e,0x3e,0x36,0xd8,0x10,0xd8,0xc1,
    0x86,0x25,0x71,0x03,0x34,0xf8,0xf8,0xa0,0x1b,0xd4,0x20,0x0f,0x3e,0x36,0x98,0x20,
    0x18,0xd8,0x86,0x20,0x0f,0x36,0x2c,0x7e,0xe0,0x06,0x68,0xf0,0xfd,0x41,0x37,0x74,
    0x71,0x40,0x06,0x61,0x30,0x41,0x30,0xb2,0x0d,0x41,0xb2,0x61,0x09,0x05,0x37,0xe0,
    0x3e,0x51,0xe8,0x86,0x2e,0x0e,0xd2,0x20,0x0c,0x36,0x04,0x7e,0xb0,0x61,0x31,0xdc,
    0x80,0xfb,0x48,0xa1,0x1b,0xba,0xe4,0x0b,0x83,0x09,0x82,0xa1,0x6d,0x08,0x42,0x61,
    0xc3,0x62,0x0a,0x6e,0x80,0x06,0xdf,0x29,0x74,0x83,0x1a,0xf8,0xc1,0xc7,0x06,0x13,
    0x04,0x63,0xdb,0x10,0x18,0x1b,0x96,0x54,0x70,0x03,0x34,0xf8,0x54,0xa1,0x1b,0xd4,
    0x20,0x14,0x3e,0x36,0xd8,0x10,0x98,0xc2,0x86,0xa5,0x71,0x03,0x34,0xf8,0x58,0xa1,
    0x1b,0xd4,0xc0,0xf8,0xd8,0x60,0x82,0x60,0x70,0x1b,0x82,0x54,0xd8,0xb0,0xb8,0x82,
    0x1b,0xa0,0xc1,0xf7,0x0a,0xdd,0xa0,0x06,0xa6,0xf0,0xb1,0xc1,0x04,0xc1,0xe8,0x36,
    0x04,0xcd,0x86,0x25,0x16,0xdc,0x00,0x0d,0x3e,0x59,0xe8,0x06,0x35,0x48,0x85,0x8f,
    0x0d,0x36,0x04,0xae,0xb0,0x61,0x59,0x03,0x37,0x40,0x83,0x8f,0x16,0xba,0x81,0x0c,
    0x92,0xee,0x0d,0x36,0x40,0x6d,0x00,0x07,0x73,0x50,0x07,0x78,0xb0,0x07,0x7d,0x00,
    0x0a,0xa3,0x50,0x0a,0xa8,0xb0,0x0a,0xad,0x00,0x0b,0xb3,0x50,0x0b,0x1b,0x06,0x33,
    0xb0,0x05,0x60,0x82,0xa0,0x06,0xcb,0x06,0x81,0xc0,0x85,0x0d,0x45,0xa6,0xdd,0x82,
    0x95,0x0b,0x55,0xd8,0xd8,0xec,0xda,0x5c,0xd2,0xc8,0xca,0xdc,0xe8,0xa6,0x04,0x41,
    0x15,0x32,0x3c,0x17,0xbb,0x32,0xb9,0xb9,0xb4,0x37,0xb7,0x29,0x01,0xd1,0x84,0x0c,
    0xcf,0xc5,0x2e,0x8c,0xcd,0xae,0x4c,0x6e,0x4a,0x60,0xd4,0x21,0xc3,0x73,0x99,0x43,
    0x0b,0x23,0x2b,0x93,0x6b,0x7a,0x23,0x2b,0x63,0x9b,0x12,0x24,0x65,0xc8,0xf0,0x5c,
    0xe4,0xca,0xe6,0xde,0xea,0xe4,0xc6,0xca,0xe6,0xa6,0x04,0x55,0x1d,0x32,0x3c,0x17,
    0xbb,0xb4,0xb2,0xbb,0x24,0xb2,0x29,0xba,0x30,0xba,0xb2,0x29,0xc1,0x55,0x87,0x0c,
    0xcf,0xa5,0xcc,0x8d,0x4e,0x2e,0x0f,0xea,0x2d,0xcd,0x8d,0x6e,0x6e,0x4a,0x90,0x0b,
    0x00,0x00,0x00,0x00,0x79,0x18,0x00,0x00,0x51,0x00,0x00,0x00,0x33,0x08,0x80,0x1c,
    0xc4,0xe1,0x1c,0x66,0x14,0x01,0x3d,0x88,0x43,0x38,0x84,0xc3,0x8c,0x42,0x80,0x07,
    0x79,0x78,0x07,0x73,0x98,0x71,0x0c,0xe6,0x00,0x0f,0xed,0x10,0x0e,0xf4,0x80,0x0e,
    0x33,0x0c,0x42,0x1e,0xc2,0xc1,0x1d,0xce,0xa1,0x1c,0x66,0x30,0x05,0x3d,0x88,0x43,
    0x38,0x84,0x83,0x1b,0xcc,0x03,0x3d,0xc8,0x43,0x3d,0x8c,0x03,0x3d,0xcc,0x78,0x8c,
    0x74,0x70,0x07,0x7b,0x08,0x07,0x79,0x48,0x87,0x70,0x70,0x07,0x7a,0x70,0x03,0x76,
    0x78,0x87,0x70,0x20,0x87,0x19,0xcc,0x11,0x0e,0xec,0x90,0x0e,0xe1,0x30,0x0f,0x6e,
    0x30,0x0f,0xe3,0xf0,0x0e,0xf0,0x50,0x0e,0x33,0x10,0xc4,0x1d,0xde,0x21,0x1c,0xd8,
    0x21,0x1d,0xc2,0x61,0x1e,0x66,0x30,0x89,0x3b,0xbc,0x83,0x3b,0xd0,0x43,0x39,0xb4,
    0x03,0x3c,0xbc,0x83,0x3c,0x84,0x03,0x3b,0xcc,0xf0,0x14,0x76,0x60,0x07,0x7b,0x68,
    0x07,0x37,0x68,0x87,0x72,0x68,0x07,0x37,0x80,0x87,0x70,0x90,0x87,0x70,0x60,0x07,
    0x76,0x28,0x07,0x76,0xf8,0x05,0x76,0x78,0x87,0x77,0x80,0x87,0x5f,0x08,0x87,0x71,
    0x18,0x87,0x72,0x98,0x87,0x79,0x98,0x81,0x2c,0xee,0xf0,0x0e,0xee,0xe0,0x0e,0xf5,
    0xc0,0x0e,0xec,0x30,0x03,0x62,0xc8,0xa1,0x1c,0xe4,0xa1,0x1c,0xcc,0xa1,0x1c,0xe4,
    0xa1,0x1c,0xdc,0x61,0x1c,0xca,0x21,0x1c,0xc4,0x81,0x1d,0xca,0x61,0x06,0xd6,0x90,
    0x43,0x39,0xc8,0x43,0x39,0x98,0x43,0x39,0xc8,0x43,0x39,0xb8,0xc3,0x38,0x94,0x43,
    0x38,0x88,0x03,0x3b,0x94,0xc3,0x2f,0xbc,0x83,0x3c,0xfc,0x82,0x3b,0xd4,0x03,0x3b,
    0xb0,0xc3,0x0c,0xc4,0x21,0x07,0x7c,0x70,0x03,0x7a,0x28,0x87,0x76,0x80,0x87,0x19,
    0xd1,0x43,0x0e,0xf8,0xe0,0x06,0xe4,0x20,0x0e,0xe7,0xe0,0x06,0xf6,0x10,0x0e,0xf2,
    0xc0,0x0e,0xe1,0x90,0x0f,0xef,0x50,0x0f,0xf4,0x30,0x83,0x81,0xc8,0x01,0x1f,0xdc,
    0x40,0x1c,0xe4,0xa1,0x1c,0xc2,0x61,0x1d,0xdc,0x40,0x1c,0xe4,0x01,0x00,0x00,0x00,
    0x71,0x20,0x00,0x00,0x39,0x00,0x00,0x00,0x05,0x50,0x0a,0x81,0xdf,0xf8,0x2d,0x77,
    0x97,0xe5,0x73,0xe0,0x2f,0xf6,0xfb,0xd9,0xcb,0x72,0x7a,0x19,0xff,0x6d,0x87,0xd3,
    0x6e,0x20,0x30,0x1b,0xfc,0x05,0xab,0xcf,0x3a,0x1d,0x08,0x4c,0x26,0x81,0x5a,0xe0,
    0x2c,0x2a,0xb4,0xfe,0x48,0xf6,0xf2,0x98,0xfe,0x96,0x03,0x9b,0x24,0x58,0x0c,0x08,
    0x14,0xba,0xec,0xae,0x18,0x39,0xdd,0xb6,0x02,0x68,0xb8,0x7c,0xe7,0xf1,0x03,0xa4,
    0x01,0x22,0xcc,0x2f,0x6e,0xdb,0x12,0xa8,0xe1,0xf2,0x9d,0xc7,0x0f,0xa8,0xa2,0x20,
    0xa2,0xd2,0x01,0x06,0xbf,0xb8,0x6d,0x53,0xa0,0x86,0xcb,0x77,0x1e,0x3f,0xa0,0x8a,
    0x82,0x88,0x4a,0x07,0x18,0x7c,0xe4,0xb6,0xed,0x60,0x1b,0x2e,0xdf,0x79,0x7c,0x21,
    0xa0,0x8a,0x82,0x88,0x4a,0x07,0x18,0x4a,0xc2,0x00,0x04,0xcc,0x2f,0x6e,0xdb,0x10,
    0xa4,0xe1,0xf2,0x9d,0xc7,0x17,0x22,0x02,0x98,0x88,0x10,0x68,0x86,0x85,0x30,0x81,
    0x69,0xb8,0x7c,0xe7,0xf1,0x17,0x07,0x18,0xc4,0xe6,0xa1,0x26,0x1f,0xb9,0x6d,0x1b,
    0xa8,0x86,0xcb,0x77,0x1e,0x5f,0x9a,0x9c,0x88,0x40,0xa9,0xe9,0xa1,0x26,0xbf,0xb8,
    0x6d,0x23,0xa8,0x86,0xcb,0x77,0x1e,0x5f,0x9a,0x9c,0x88,0x40,0xa9,0xe9,0xa1,0x26,
    0x1f,0xb9,0x6d,0x33,0x78,0x86,0xcb,0x77,0x1e,0x9f,0x6a,0x80,0x08,0xf3,0x8b,0xdb,
    0xb6,0x80,0xa5,0x22,0xa2,0x89,0xb8,0x7e,0x06,0x40,0x1a,0x00,0x61,0x20,0x00,0x00,
    0x75,0x01,0x00,0x00,0x13,0x04,0x45,0x2c,0x10,0x00,0x00,0x00,0x13,0x00,0x00,0x00,
    0x74,0x8d,0x00,0x90,0x51,0x80,0x02,0x05,0x1e,0x50,0xc0,0x01,0x05,0x1a,0x50,0x76,
    0x85,0x18,0x50,0x72,0x33,0x00,0x05,0x54,0x60,0x05,0x18,0x50,0x90,0x01,0x05,0x2a,
    0x50,0x30,0x65,0x44,0xc0,0x18,0x01,0x08,0x82,0x20,0xfe,0x0b,0x63,0x04,0x20,0x08,
    0x82,0xf0,0x2f,0x8c,0x11,0xbc,0x33,0x69,0xa2,0xdd,0x18,0x01,0x08,0x82,0x20,0xfe,
    0x8d,0x11,0x80,0x20,0x08,0x82,0x60,0x30,0x02,0x00,0x00,0x00,0x23,0x06,0x09,0x00,
    0x82,0x60,0x80,0xdd,0xc1,0xf3,0xc9,0x81,0x1c,0x58,0x23,0x06,0x09,0x00,0x82,0x60,
    0x80,0xe1,0x01,0xf4,0xcd,0xc1,0x1c,0x5c,0x23,0x06,0x09,0x00,0x82,0x60,0x80,0xfc,
    0xc1,0x1a,0xd4,0x01,0x1d,0x84,0x01,0x34,0x62,0x90,0x00,0x20,0x08,0x06,0x08,0x28,
    0xb0,0x41,0x1d,0xd4,0x81,0x18,0x44,0x23,0x06,0x08,0x00,0x82,0x60,0xb0,0xe9,0x01,
    0x45,0x08,0x76,0x30,0x9a,0x10,0x00,0xa3,0x09,0x42,0x30,0x9a,0x30,0x08,0xa3,0x09,
    0xc4,0x30,0x62,0x80,0x00,0x20,0x08,0x06,0xdb,0x1f,0x64,0xc9,0x61,0x07,0xa3,0x09,
    0x01,0x30,0x9a,0x20,0x04,0xa3,0x09,0x83,0x30,0x9a,0x40,0x0c,0x23,0x06,0x08,0x00,
    0x82,0x60,0xb0,0x91,0x82,0xe7,0x30,0xdb,0x68,0x42,0x00,0x8c,0x26,0x08,0xc1,0x68,
    0xc2,0x20,0x8c,0x26,0x10,0xc3,0x88,0x01,0x02,0x80,0x20,0x18,0x6c,0xa9,0x30,0x06,
    0x53,0xf4,0x8d,0x26,0x04,0xc0,0x68,0x82,0x10,0x8c,0x26,0x0c,0xc2,0x68,0x02,0x31,
    0x8c,0x18,0x20,0x00,0x08,0x82,0xc1,0xe6,0x0a,0x68,0x80,0x59,0x63,0x30,0x9a,0x10,
    0x00,0x23,0x06,0x08,0x00,0x82,0x60,0xe0,0xbd,0x82,0x1a,0x68,0x98,0x1a,0x8c,0x26,
    0x04,0xc0,0x88,0x01,0x02,0x80,0x20,0x18,0x6c,0xb2,0xc0,0x06,0x9c,0x66,0x06,0xa3,
    0x09,0x01,0x30,0x9a,0x20,0x04,0x23,0x06,0x08,0x00,0x82,0x60,0xb0,0xd5,0xc2,0x1b,
    0x7c,0x1d,0x1a,0x8c,0x26,0x04,0xc0,0x68,0x82,0x10,0x8c,0x26,0x0c,0xc2,0x68,0x02,
    0x31,0x54,0x18,0xb8,0x82,0xd4,0x2d,0x04,0xb0,0x82,0xa1,0x1c,0x70,0x21,0xa0,0x00,
    0x18,0x55,0x06,0xb2,0x20,0xc5,0x0b,0x01,0xac,0x60,0x48,0x07,0x5e,0x08,0x28,0x00,
    0x86,0x15,0x65,0x20,0x1f,0x13,0xca,0x40,0x3e,0x26,0xa4,0x01,0x7c,0x4c,0x48,0x03,
    0xf8,0x0c,0x37,0x54,0xbc,0x00,0x06,0xb3,0x0c,0x81,0x10,0x98,0x1a,0xa8,0x81,0x7c,
    0x4c,0x0d,0xd4,0x40,0x3e,0x26,0x04,0xf0,0x19,0x31,0x30,0x00,0x10,0x04,0x03,0xa8,
    0x1d,0xf8,0x20,0x18,0x31,0x38,0x00,0x10,0x04,0x03,0xe7,0x1d,0xf8,0x20,0x0f,0x02,
    0x7b,0x83,0x80,0x3e,0xf6,0x06,0x02,0x7d,0x6c,0x88,0xe4,0x63,0xc1,0x20,0x1f,0x1b,
    0x04,0xf9,0x98,0x60,0x07,0xf0,0xb1,0x28,0x14,0xe0,0x63,0x01,0x19,0xc8,0xc7,0x8e,
    0x40,0x3e,0x96,0x08,0xf2,0xb1,0x42,0x88,0x8f,0x09,0x7b,0x00,0x1f,0x0b,0x10,0xf8,
    0xcc,0x12,0x08,0x03,0x15,0x80,0x11,0xa8,0x01,0x30,0x50,0x01,0x10,0x81,0x1a,0x00,
    0x03,0x15,0x00,0x18,0x04,0xfc,0x00,0x0c,0x54,0x00,0xba,0x10,0xf0,0x03,0x30,0x50,
    0x01,0xc0,0x44,0xc0,0x0b,0x40,0x75,0x82,0x94,0x18,0x10,0x32,0x62,0x70,0x00,0x20,
    0x08,0x06,0x95,0x48,0xec,0x42,0x2a,0xf0,0xc3,0x68,0x42,0x00,0x8c,0x26,0x08,0x81,
    0x29,0x02,0x7d,0x4c,0x11,0xe8,0x63,0x42,0x2c,0xc8,0xc7,0x04,0x59,0x90,0x8f,0x09,
    0xb7,0x00,0x1f,0xab,0x05,0x21,0x3e,0xc6,0x06,0x7d,0x20,0x1f,0x4b,0x83,0x3e,0x90,
    0x8f,0x09,0xa1,0x00,0x1f,0x13,0x42,0x01,0x3e,0xa7,0x07,0xc6,0x0c,0x37,0xf4,0xc1,
    0x3f,0x80,0xc1,0x2c,0xc3,0x40,0x04,0x66,0x95,0x42,0x7c,0xcc,0x2a,0x85,0xf8,0xcc,
    0x12,0x10,0x03,0x15,0x00,0x31,0x90,0x81,0x30,0x50,0x01,0x10,0x03,0x1a,0x08,0x03,
    0x15,0x80,0x4b,0x0c,0x70,0x20,0x0c,0x54,0x00,0x2e,0x31,0xc0,0x81,0x30,0x50,0x01,
    0x88,0xc4,0x40,0x09,0x03,0x15,0x80,0x68,0x0c,0x94,0x30,0x50,0x01,0xe8,0xc4,0x40,
    0x1a,0xc2,0x40,0x05,0xa0,0x13,0x83,0x69,0x08,0x23,0x06,0x08,0x00,0x82,0x60,0xb0,
    0xe5,0xc4,0x3c,0x8c,0x43,0x38,0xd4,0xc3,0x68,0x42,0x00,0x8c,0x26,0x08,0xc1,0x68,
    0xc2,0x20,0x8c,0x26,0x10,0xc3,0x88,0x01,0x02,0x80,0x20,0x18,0x6c,0x3e,0x81,0x0f,
    0xe8,0x60,0x0e,0xfb,0x30,0x9a,0x10,0x00,0xa3,0x09,0x42,0x30,0x9a,0x30,0x08,0xa3,
    0x09,0xc4,0x30,0x62,0x80,0x00,0x20,0x08,0x06,0xdb,0x58,0xf4,0x43,0x3b,0xac,0x43,
    0x48,0x8c,0x26,0x04,0xc0,0x68,0x82,0x10,0x8c,0x26,0x0c,0xc2,0x68,0x02,0x31,0x8c,
    0x18,0x20,0x00,0x08,0x82,0xc1,0x86,0x16,0x22,0x21,0x0f,0xf0,0x70,0x12,0xa3,0x09,
    0x01,0x30,0x9a,0x20,0x04,0xa3,0x09,0x83,0x30,0x9a,0x40,0x0c,0x23,0x06,0x09,0x00,
    0x82,0x60,0xa0,0xcc,0xc5,0x4f,0xa4,0x45,0x5a,0xd8,0x84,0x19,0x8c,0x18,0x24,0x00,
    0x08,0x82,0x81,0x32,0x17,0x3f,0x91,0x16,0x69,0x71,0x13,0x65,0x30,0x62,0x90,0x00,
    0x20,0x08,0x06,0xca,0x5c,0xfc,0x44,0x5a,0xa4,0x45,0x4d,0xe0,0xc3,0x88,0x41,0x02,
    0x80,0x20,0x18,0x28,0x73,0xf1,0x13,0x69,0x91,0x16,0x33,0xa1,0x0f,0x23,0x06,0x09,
    0x00,0x82,0x60,0xa0,0xcc,0xc5,0x4f,0xa8,0x45,0x5a,0xd8,0x04,0x1d,0x8c,0x18,0x24,
    0x00,0x08,0x82,0x81,0x32,0x17,0x3f,0xa1,0x16,0x69,0x71,0x13,0x73,0x30,0x62,0x90,
    0x00,0x20,0x08,0x06,0xca,0x5c,0xfc,0x44,0x58,0xa4,0x85,0x4d,0x70,0x23,0x06,0x09,
    0x00,0x82,0x60,0xa0,0xcc,0xc5,0x4f,0x84,0x45,0x5a,0xdc,0xc4,0x36,0x62,0x90,0x00,
    0x20,0x08,0x06,0xca,0x5c,0xfc,0xc4,0x58,0xa4,0x85,0x4d,0x68,0x23,0x06,0x09,0x00,
    0x82,0x60,0xa0,0xcc,0xc5,0x4f,0x8c,0x45,0x5a,0xdc,0x44,0x36,0x62,0x90,0x00,0x20,
    0x08,0x06,0xca,0x5c,0xfc,0x04,0x58,0xa4,0x85,0x4d,0x60,0x23,0x06,0x09,0x00,0x82,
    0x60,0xa0,0xcc,0xc5,0x4f,0x80,0x45,0x5a,0xdc,0xc4,0x35,0x62,0x90,0x00,0x20,0x08,
    0x06,0xca,0x5c,0xfc,0xc4,0x4f,0xa4,0x85,0x4d,0xa0,0xc3,0x88,0x41,0x02,0x80,0x20,
    0x18,0x28,0x73,0xf1,0x13,0x3f,0x91,0x16,0x37,0x71,0x0e,0x23,0x06,0x09,0x00,0x82,
    0x60,0xa0,0xcc,0xc5,0x4f,0xfc,0x44,0x5a,0xd4,0x84,0x39,0x8c,0x18,0x24,0x00,0x08,
    0x82,0x81,0x32,0x17,0x3f,0xf1,0x13,0x69,0x31,0x13,0xe5,0x30,0x62,0x90,0x00,0x20,
    0x08,0x06,0xca,0x5c,0xfc,0xc4,0x59,0xa4,0x85,0x4d,0xb4,0xc3,0x88,0x41,0x02,0x80,
    0x20,0x18,0x28,0x73,0xf1,0x13,0x67,0x91,0x16,0x37,0xc1,0x0e,0x23,0x06,0x09,0x00,
    0x82,0x60,0xa0,0xcc,0xc5,0x4f,0x9c,0x45,0x5a,0xd4,0xc4,0x3a,0x8c,0x18,0x24,0x00,
    0x08,0x82,0x81,0x32,0x17,0x3f,0x71,0x16,0x69,0x31,0x13,0xea,0x30,0x62,0x90,0x00,
    0x20,0x08,0x06,0xca,0x5c,0xfc,0x84,0x4f,0xa4,0x85,0x4d,0xc0,0xc1,0x88,0x41,0x02,
    0x80,0x20,0x18,0x30,0x72,0xf1,0x13,0x3d,0x91,0x16,0x36,0xc1,0x0b,0x23,0x06,0x09,
    0x00,0x82,0x60,0xc0,0xc8,0xc5,0x4f,0xa0,0x45,0x5a,0xd8,0x04,0x18,0x8c,0x18,0x24,
    0x00,0x08,0x82,0x81,0x32,0x17,0x3f,0xc1,0x13,0x69,0x61,0x13,0xd3,0x88,0x41,0x02,
    0x80,0x20,0x18,0x28,0x73,0xf1,0x13,0x3c,0x91,0x16,0x37,0x21,0x8d,0x18,0x24,0x00,
    0x08,0x82,0x81,0x32,0x17,0x3f,0xc1,0x13,0x69,0x51,0x13,0xd1,0x88,0x41,0x02,0x80,
    0x20,0x18,0x28,0x73,0xf1,0x13,0x3c,0x91,0x16,0x33,0x01,0x8d,0x18,0x24,0x00,0x08,
    0x82,0x81,0x32,0x17,0x3f,0xb1,0x13,0x69,0x61,0x13,0xce,0x88,0x41,0x02,0x80,0x20,
    0x18,0x28,0x73,0xf1,0x13,0x3b,0x91,0x16,0x37,0xd1,0x8c,0x18,0x24,0x00,0x08,0x82,
    0x81,0x32,0x17,0x3f,0xb1,0x13,0x69,0x51,0x13,0xcc,0x88,0x41,0x02,0x80,0x20,0x18,
    0x28,0x73,0xf1,0x13,0x3b,0x91,0x16,0x33,0xb1,0x8c,0x18,0x24,0x00,0x08,0x82,0x81,
    0x32,0x17,0x3f,0x61,0x16,0x69,0x61,0x13,0xc9,0x88,0x41,0x02,0x80,0x20,0x18,0x28,
    0x73,0xf1,0x13,0x66,0x91,0x16,0x37,0x81,0x8c,0x18,0x24,0x00,0x08,0x82,0x81,0x32,
    0x17,0x3f,0x61,0x16,0x69,0x51,0x13,0xc7,0x88,0x41,0x02,0x80,0x20,0x18,0x28,0x73,
    0xf1,0x13,0x66,0x91,0x16,0x33,0x61,0x8c,0x18,0x24,0x00,0x08,0x82,0x81,0x32,0x17,
    0x3f,0xa1,0x13,0x69,0x61,0x13,0xc4,0x88,0x41,0x02,0x80,0x20,0x18,0x28,0x73,0xf1,
    0x13,0x3a,0x91,0x16,0x37,0x31,0x8c,0x18,0x24,0x00,0x08,0x82,0x81,0x32,0x17,0x3f,
    0xa1,0x13,0x69,0x51,0x13,0xc2,0x88,0x41,0x02,0x80,0x20,0x18,0x28,0x73,0xf1,0x13,
    0x3a,0x91,0x16,0x33,0x11,0x8c,0x18,0x24,0x00,0x08,0x82,0x81,0x32,0x17,0x3f,0x91,
    0x13,0x69,0x61,0x13,0xb7,0x30,0x62,0x90,0x00,0x20,0x08,0x06,0xca,0x5c,0xfc,0x44,
    0x4e,0xa4,0xc5,0x4d,0xd8,0xc2,0x88,0x41,0x02,0x80,0x20,0x18,0x28,0x73,0xf1,0x13,
    0x39,0x91,0x16,0x35,0x51,0x0b,0x23,0x06,0x09,0x00,0x82,0x60,0xa0,0xcc,0xc5,0x4f,
    0xe4,0x44,0x5a,0xcc,0x04,0x2d,0x8c,0x18,0x24,0x00,0x08,0x82,0x81,0x32,0x17,0x3f,
    0x21,0x16,0x69,0x61,0x13,0xd6,0x88,0x41,0x02,0x80,0x20,0x18,0x28,0x73,0xf1,0x13,
    0x62,0x91,0x16,0x37,0x51,0x21,0x00,0x00,0x00,0x00,0x00,0x00,
};
// fragment_main, ps_6_0, 19344 bytes
static const unsigned char gd_dx12_fragment[] = {
    0x44,0x58,0x42,0x43,0x01,0xdd,0x13,0x9c,0xde,0x11,0x1d,0x56,0xdc,0xff,0x62,0xb4,
    0x9a,0x10,0xc2,0xb8,0x01,0x00,0x00,0x00,0x90,0x4b,0x00,0x00,0x06,0x00,0x00,0x00,
    0x38,0x00,0x00,0x00,0x48,0x00,0x00,0x00,0x74,0x02,0x00,0x00,0xb0,0x02,0x00,0x00,
    0x00,0x06,0x00,0x00,0x1c,0x06,0x00,0x00,0x53,0x46,0x49,0x30,0x08,0x00,0x00,0x00,
    0x00,0x00,0x00,0x00,0x00,0x00,0x00,0x00,0x49,0x53,0x47,0x31,0x24,0x02,0x00,0x00,
    0x10,0x00,0x00,0x00,0x08,0x00,0x00,0x00,0x00,0x00,0x00,0x00,0x08,0x02,0x00,0x00,
    0x00,0x00,0x00,0x00,0x01,0x00,0x00,0x00,0x03,0x00,0x00,0x00,0x00,0x00,0x00,0x00,
    0x0f,0x03,0x00,0x00,0x00,0x00,0x00,0x00,0x00,0x00,0x00,0x00,0x14,0x02,0x00,0x00,
    0x00,0x00,0x00,0x00,0x00,0x00,0x00,0x00,0x03,0x00,0x00,0x00,0x01,0x00,0x00,0x00,
    0x03,0x03,0x00,0x00,0x00,0x00,0x00,0x00,0x00,0x00,0x00,0x00,0x14,0x02,0x00,0x00,
    0x01,0x00,0x00,0x00,0x00,0x00,0x00,0x00,0x03,0x00,0x00,0x00,0x01,0x00,0x00,0x00,
    0x0c,0x0c,0x00,0x00,0x00,0x00,0x00,0x00,0x00,0x00,0x00,0x00,0x14,0x02,0x00,0x00,
    0x02,0x00,0x00,0x00,0x00,0x00,0x00,0x00,0x03,0x00,0x00,0x00,0x02,0x00,0x00,0x00,
    0x03,0x03,0x00,0x00,0x00,0x00,0x00,0x00,0x00,0x00,0x00,0x00,0x14,0x02,0x00,0x00,
    0x05,0x00,0x00,0x00,0x00,0x00,0x00,0x00,0x03,0x00,0x00,0x00,0x02,0x00,0x00,0x00,
    0x04,0x04,0x00,0x00,0x00,0x00,0x00,0x00,0x00,0x00,0x00,0x00,0x14,0x02,0x00,0x00,
    0x06,0x00,0x00,0x00,0x00,0x00,0x00,0x00,0x01,0x00,0x00,0x00,0x02,0x00,0x00,0x00,
    0x08,0x08,0x00,0x00,0x00,0x00,0x00,0x00,0x00,0x00,0x00,0x00,0x14,0x02,0x00,0x00,
    0x03,0x00,0x00,0x00,0x00,0x00,0x00,0x00,0x03,0x00,0x00,0x00,0x03,0x00,0x00,0x00,
    0x03,0x03,0x00,0x00,0x00,0x00,0x00,0x00,0x00,0x00,0x00,0x00,0x1d,0x02,0x00,0x00,
    0x00,0x00,0x00,0x00,0x00,0x00,0x00,0x00,0x03,0x00,0x00,0x00,0x04,0x00,0x00,0x00,
    0x0f,0x0f,0x00,0x00,0x00,0x00,0x00,0x00,0x00,0x00,0x00,0x00,0x14,0x02,0x00,0x00,
    0x04,0x00,0x00,0x00,0x00,0x00,0x00,0x00,0x03,0x00,0x00,0x00,0x05,0x00,0x00,0x00,
    0x0f,0x0f,0x00,0x00,0x00,0x00,0x00,0x00,0x00,0x00,0x00,0x00,0x14,0x02,0x00,0x00,
    0x07,0x00,0x00,0x00,0x00,0x00,0x00,0x00,0x01,0x00,0x00,0x00,0x06,0x00,0x00,0x00,
    0x01,0x01,0x00,0x00,0x00,0x00,0x00,0x00,0x00,0x00,0x00,0x00,0x14,0x02,0x00,0x00,
    0x0d,0x00,0x00,0x00,0x00,0x00,0x00,0x00,0x03,0x00,0x00,0x00,0x06,0x00,0x00,0x00,
    0x06,0x06,0x00,0x00,0x00,0x00,0x00,0x00,0x00,0x00,0x00,0x00,0x14,0x02,0x00,0x00,
    0x08,0x00,0x00,0x00,0x00,0x00,0x00,0x00,0x03,0x00,0x00,0x00,0x07,0x00,0x00,0x00,
    0x0f,0x0f,0x00,0x00,0x00,0x00,0x00,0x00,0x00,0x00,0x00,0x00,0x14,0x02,0x00,0x00,
    0x09,0x00,0x00,0x00,0x00,0x00,0x00,0x00,0x03,0x00,0x00,0x00,0x08,0x00,0x00,0x00,
    0x0f,0x0f,0x00,0x00,0x00,0x00,0x00,0x00,0x00,0x00,0x00,0x00,0x14,0x02,0x00,0x00,
    0x0a,0x00,0x00,0x00,0x00,0x00,0x00,0x00,0x03,0x00,0x00,0x00,0x09,0x00,0x00,0x00,
    0x0f,0x0f,0x00,0x00,0x00,0x00,0x00,0x00,0x00,0x00,0x00,0x00,0x14,0x02,0x00,0x00,
    0x0b,0x00,0x00,0x00,0x00,0x00,0x00,0x00,0x03,0x00,0x00,0x00,0x0a,0x00,0x00,0x00,
    0x0f,0x0f,0x00,0x00,0x00,0x00,0x00,0x00,0x00,0x00,0x00,0x00,0x14,0x02,0x00,0x00,
    0x0c,0x00,0x00,0x00,0x00,0x00,0x00,0x00,0x03,0x00,0x00,0x00,0x0b,0x00,0x00,0x00,
    0x0f,0x0f,0x00,0x00,0x00,0x00,0x00,0x00,0x53,0x56,0x5f,0x50,0x6f,0x73,0x69,0x74,
    0x69,0x6f,0x6e,0x00,0x54,0x45,0x58,0x43,0x4f,0x4f,0x52,0x44,0x00,0x43,0x4f,0x4c,
    0x4f,0x52,0x00,0x00,0x4f,0x53,0x47,0x31,0x34,0x00,0x00,0x00,0x01,0x00,0x00,0x00,
    0x08,0x00,0x00,0x00,0x00,0x00,0x00,0x00,0x28,0x00,0x00,0x00,0x00,0x00,0x00,0x00,
    0x40,0x00,0x00,0x00,0x03,0x00,0x00,0x00,0x00,0x00,0x00,0x00,0x0f,0x00,0x00,0x00,
    0x00,0x00,0x00,0x00,0x53,0x56,0x5f,0x54,0x61,0x72,0x67,0x65,0x74,0x00,0x00,0x00,
    0x50,0x53,0x56,0x30,0x48,0x03,0x00,0x00,0x34,0x00,0x00,0x00,0x00,0x00,0x00,0x00,
    0x00,0x00,0x00,0x00,0x00,0x00,0x00,0x00,0x00,0x00,0x00,0x00,0x00,0x00,0x00,0x00,
    0xff,0xff,0xff,0xff,0x00,0x00,0x00,0x00,0x10,0x01,0x00,0x0c,0x01,0x00,0x00,0x00,
    0x00,0x00,0x00,0x00,0x00,0x00,0x00,0x00,0x00,0x00,0x00,0x00,0x85,0x00,0x00,0x00,
    0x04,0x00,0x00,0x00,0x18,0x00,0x00,0x00,0x02,0x00,0x00,0x00,0x00,0x00,0x00,0x00,
    0x00,0x00,0x00,0x00,0x00,0x00,0x00,0x00,0x0d,0x00,0x00,0x00,0x00,0x00,0x00,0x00,
    0x01,0x00,0x00,0x00,0x00,0x00,0x00,0x00,0x00,0x00,0x00,0x00,0x00,0x00,0x00,0x00,
    0x0e,0x00,0x00,0x00,0x00,0x00,0x00,0x00,0x03,0x00,0x00,0x00,0x00,0x00,0x00,0x00,
    0x01,0x00,0x00,0x00,0x10,0x00,0x00,0x00,0x02,0x00,0x00,0x00,0x00,0x00,0x00,0x00,
    0x03,0x00,0x00,0x00,0x00,0x00,0x00,0x00,0x11,0x00,0x00,0x00,0x11,0x00,0x00,0x00,
    0x02,0x00,0x00,0x00,0x00,0x00,0x00,0x00,0x94,0x00,0x00,0x00,0x00,0x54,0x45,0x58,
    0x43,0x4f,0x4f,0x52,0x44,0x00,0x54,0x45,0x58,0x43,0x4f,0x4f,0x52,0x44,0x00,0x54,
    0x45,0x58,0x43,0x4f,0x4f,0x52,0x44,0x00,0x54,0x45,0x58,0x43,0x4f,0x4f,0x52,0x44,
    0x00,0x43,0x4f,0x4c,0x4f,0x52,0x00,0x54,0x45,0x58,0x43,0x4f,0x4f,0x52,0x44,0x00,
    0x54,0x45,0x58,0x43,0x4f,0x4f,0x52,0x44,0x00,0x54,0x45,0x58,0x43,0x4f,0x4f,0x52,
    0x44,0x00,0x54,0x45,0x58,0x43,0x4f,0x4f,0x52,0x44,0x00,0x54,0x45,0x58,0x43,0x4f,
    0x4f,0x52,0x44,0x00,0x54,0x45,0x58,0x43,0x4f,0x4f,0x52,0x44,0x00,0x54,0x45,0x58,
    0x43,0x4f,0x4f,0x52,0x44,0x00,0x54,0x45,0x58,0x43,0x4f,0x4f,0x52,0x44,0x00,0x54,
    0x45,0x58,0x43,0x4f,0x4f,0x52,0x44,0x00,0x54,0x45,0x58,0x43,0x4f,0x4f,0x52,0x44,
    0x00,0x66,0x72,0x61,0x67,0x6d,0x65,0x6e,0x74,0x5f,0x6d,0x61,0x69,0x6e,0x00,0x00,
    0x0e,0x00,0x00,0x00,0x00,0x00,0x00,0x00,0x01,0x00,0x00,0x00,0x02,0x00,0x00,0x00,
    0x03,0x00,0x00,0x00,0x04,0x00,0x00,0x00,0x05,0x00,0x00,0x00,0x06,0x00,0x00,0x00,
    0x07,0x00,0x00,0x00,0x08,0x00,0x00,0x00,0x09,0x00,0x00,0x00,0x0a,0x00,0x00,0x00,
    0x0b,0x00,0x00,0x00,0x0c,0x00,0x00,0x00,0x0d,0x00,0x00,0x00,0x10,0x00,0x00,0x00,
    0x00,0x00,0x00,0x00,0x00,0x00,0x00,0x00,0x01,0x00,0x44,0x03,0x03,0x04,0x00,0x00,
    0x01,0x00,0x00,0x00,0x00,0x00,0x00,0x00,0x01,0x01,0x42,0x00,0x03,0x02,0x00,0x00,
    0x0a,0x00,0x00,0x00,0x01,0x00,0x00,0x00,0x01,0x01,0x62,0x00,0x03,0x02,0x00,0x00,
    0x13,0x00,0x00,0x00,0x02,0x00,0x00,0x00,0x01,0x02,0x42,0x00,0x03,0x01,0x00,0x00,
    0x1c,0x00,0x00,0x00,0x03,0x00,0x00,0x00,0x01,0x03,0x42,0x00,0x03,0x02,0x00,0x00,
    0x25,0x00,0x00,0x00,0x00,0x00,0x00,0x00,0x01,0x04,0x44,0x00,0x03,0x01,0x00,0x00,
    0x2b,0x00,0x00,0x00,0x04,0x00,0x00,0x00,0x01,0x05,0x44,0x00,0x03,0x01,0x00,0x00,
    0x34,0x00,0x00,0x00,0x05,0x00,0x00,0x00,0x01,0x02,0x61,0x00,0x03,0x01,0x00,0x00,
    0x3d,0x00,0x00,0x00,0x06,0x00,0x00,0x00,0x01,0x02,0x71,0x00,0x01,0x01,0x00,0x00,
    0x46,0x00,0x00,0x00,0x07,0x00,0x00,0x00,0x01,0x06,0x41,0x00,0x01,0x01,0x00,0x00,
    0x4f,0x00,0x00,0x00,0x08,0x00,0x00,0x00,0x01,0x07,0x44,0x00,0x03,0x01,0x00,0x00,
    0x58,0x00,0x00,0x00,0x09,0x00,0x00,0x00,0x01,0x08,0x44,0x00,0x03,0x01,0x00,0x00,
    0x61,0x00,0x00,0x00,0x0a,0x00,0x00,0x00,0x01,0x09,0x44,0x00,0x03,0x01,0x00,0x00,
    0x6a,0x00,0x00,0x00,0x0b,0x00,0x00,0x00,0x01,0x0a,0x44,0x00,0x03,0x01,0x00,0x00,
    0x73,0x00,0x00,0x00,0x0c,0x00,0x00,0x00,0x01,0x0b,0x44,0x00,0x03,0x01,0x00,0x00,
    0x7c,0x00,0x00,0x00,0x0d,0x00,0x00,0x00,0x01,0x06,0x52,0x00,0x03,0x01,0x00,0x00,
    0x00,0x00,0x00,0x00,0x00,0x00,0x00,0x00,0x01,0x00,0x44,0x10,0x03,0x00,0x00,0x00,
    0x0f,0x00,0x00,0x00,0x0f,0x00,0x00,0x00,0x00,0x00,0x00,0x00,0x00,0x00,0x00,0x00,
    0x0f,0x00,0x00,0x00,0x0f,0x00,0x00,0x00,0x0f,0x00,0x00,0x00,0x0f,0x00,0x00,0x00,
    0x0f,0x00,0x00,0x00,0x0f,0x00,0x00,0x00,0x0f,0x00,0x00,0x00,0x0f,0x00,0x00,0x00,
    0x0f,0x00,0x00,0x00,0x0f,0x00,0x00,0x00,0x00,0x00,0x00,0x00,0x00,0x00,0x00,0x00,
    0x01,0x00,0x00,0x00,0x02,0x00,0x00,0x00,0x04,0x00,0x00,0x00,0x0f,0x00,0x00,0x00,
    0x00,0x00,0x00,0x00,0x00,0x00,0x00,0x00,0x00,0x00,0x00,0x00,0x00,0x00,0x00,0x00,
    0x0f,0x00,0x00,0x00,0x0f,0x00,0x00,0x00,0x0f,0x00,0x00,0x00,0x00,0x00,0x00,0x00,
    0x0f,0x00,0x00,0x00,0x0f,0x00,0x00,0x00,0x0f,0x00,0x00,0x00,0x0f,0x00,0x00,0x00,
    0x0f,0x00,0x00,0x00,0x0f,0x00,0x00,0x00,0x0f,0x00,0x00,0x00,0x0f,0x00,0x00,0x00,
    0x0f,0x00,0x00,0x00,0x0f,0x00,0x00,0x00,0x0f,0x00,0x00,0x00,0x0f,0x00,0x00,0x00,
    0x0f,0x00,0x00,0x00,0x0f,0x00,0x00,0x00,0x0f,0x00,0x00,0x00,0x0f,0x00,0x00,0x00,
    0x0f,0x00,0x00,0x00,0x0f,0x00,0x00,0x00,0x0f,0x00,0x00,0x00,0x0f,0x00,0x00,0x00,
    0x48,0x41,0x53,0x48,0x14,0x00,0x00,0x00,0x00,0x00,0x00,0x00,0xd7,0x43,0xed,0xb7,
    0x28,0xb0,0x00,0xbb,0xeb,0xbe,0xbd,0xe6,0x02,0x67,0x7e,0x6e,0x44,0x58,0x49,0x4c,
    0x6c,0x45,0x00,0x00,0x60,0x00,0x00,0x00,0x5b,0x11,0x00,0x00,0x44,0x58,0x49,0x4c,
    0x00,0x01,0x00,0x00,0x10,0x00,0x00,0x00,0x54,0x45,0x00,0x00,0x42,0x43,0xc0,0xde,
    0x21,0x0c,0x00,0x00,0x52,0x11,0x00,0x00,0x0b,0x82,0x20,0x00,0x02,0x00,0x00,0x00,
    0x13,0x00,0x00,0x00,0x07,0x81,0x23,0x91,0x41,0xc8,0x04,0x49,0x06,0x10,0x32,0x39,
    0x92,0x01,0x84,0x0c,0x25,0x05,0x08,0x19,0x1e,0x04,0x8b,0x62,0x80,0x18,0x45,0x02,
    0x42,0x92,0x0b,0x42,0xc4,0x10,0x32,0x14,0x38,0x08,0x18,0x4b,0x0a,0x32,0x62,0x88,
    0x48,0x90,0x14,0x20,0x43,0x46,0x88,0xa5,0x00,0x19,0x32,0x42,0xe4,0x48,0x0e,0x90,
    0x11,0x23,0xc4,0x50,0x41,0x51,0x81,0x8c,0xe1,0x83,0xe5,0x8a,0x04,0x31,0x46,0x06,
    0x51,0x18,0x00,0x00,0x08,0x00,0x00,0x00,0x1b,0x8c,0xe0,0xff,0xff,0xff,0xff,0x07,
    0x40,0x02,0xa8,0x0d,0x84,0xf0,0xff,0xff,0xff,0xff,0x03,0x20,0x6d,0x30,0x86,0xff,
    0xff,0xff,0xff,0x1f,0x00,0x09,0xa8,0x00,0x49,0x18,0x00,0x00,0x03,0x00,0x00,0x00,
    0x13,0x82,0x60,0x42,0x20,0x4c,0x08,0x06,0x00,0x00,0x00,0x00,0x89,0x20,0x00,0x00,
    0x57,0x00,0x00,0x00,0x32,0x22,0x88,0x09,0x20,0x64,0x85,0x04,0x13,0x23,0xa4,0x84,
    0x04,0x13,0x23,0xe3,0x84,0xa1,0x90,0x14,0x12,0x4c,0x8c,0x8c,0x0b,0x84,0xc4,0x4c,
    0x10,0xb4,0xc1,0x08,0x40,0x09,0x00,0x0a,0x66,0x00,0xe6,0x08,0xc0,0x60,0x8e,0x00,
    0x29,0xc6,0x40,0x10,0x44,0x41,0x90,0x51,0x0c,0x82,0x20,0x88,0x82,0x20,0xa4,0x18,
    0x00,0x41,0x10,0xc5,0x40,0xca,0x1c,0x41,0x50,0x06,0x80,0x60,0xa8,0xb9,0x69,0xb8,
    0xfc,0x09,0x7b,0x08,0xc9,0x5f,0x09,0x69,0x25,0x26,0xbf,0xb8,0x6d,0x54,0x0c,0xc3,
    0x30,0x10,0x54,0xdc,0x33,0x5c,0xfe,0x84,0x3d,0x84,0xe4,0x87,0x40,0x33,0x2c,0x04,
    0x0a,0xa0,0xc2,0x3c,0x44,0x14,0x0d,0xc3,0x30,0x10,0x04,0x31,0x90,0x54,0x86,0x81,
    0x18,0x88,0x2a,0xc4,0x40,0x0c,0x03,0x59,0x85,0x20,0x08,0x82,0x20,0xec,0xa8,0xe1,
    0xf2,0x27,0xec,0x21,0x24,0x9f,0xdb,0xa8,0x62,0x25,0x26,0xbf,0xb8,0x6d,0x44,0x0c,
    0xc3,0x30,0x14,0x42,0x23,0x22,0x82,0xb6,0x62,0x44,0x44,0x41,0x10,0x0c,0x75,0x03,
    0x01,0xc3,0x08,0xc4,0x30,0x53,0x1b,0x8c,0x03,0x3b,0x84,0xc3,0x3c,0xcc,0x83,0x1b,
    0xd0,0x42,0x39,0xe0,0x03,0x3d,0xd4,0x83,0x3c,0x94,0x83,0x1c,0x90,0x02,0x1f,0xd8,
    0x43,0x39,0x8c,0x03,0x3d,0xbc,0x83,0x3c,0xf0,0x81,0x39,0xb0,0xc3,0x3b,0x84,0x03,
    0x3d,0xb0,0x01,0x18,0xd0,0x81,0x1f,0x80,0x81,0x1f,0xe8,0x81,0x1e,0xb4,0x43,0x3a,
    0xc0,0xc3,0x3c,0xfc,0x02,0x3d,0xe4,0x03,0x3c,0x94,0x03,0x0a,0x88,0x99,0xc4,0x60,
    0x1c,0xd8,0x21,0x1c,0xe6,0x61,0x1e,0xdc,0x80,0x16,0xca,0x01,0x1f,0xe8,0xa1,0x1e,
    0xe4,0xa1,0x1c,0xe4,0x80,0x14,0xf8,0xc0,0x1e,0xca,0x61,0x1c,0xe8,0xe1,0x1d,0xe4,
    0x81,0x0f,0xcc,0x81,0x1d,0xde,0x21,0x1c,0xe8,0x81,0x0d,0xc0,0x80,0x0e,0xfc,0x00,
    0x0c,0xfc,0x00,0x09,0x60,0x98,0x10,0x22,0x8d,0x24,0x0e,0x23,0x08,0xc3,0x15,0x5f,
    0x04,0x30,0x04,0x12,0x4c,0x93,0xce,0x9b,0xa4,0x29,0xa2,0x84,0xc9,0x67,0x01,0xe6,
    0x59,0x88,0x88,0x9d,0x80,0x89,0x40,0x01,0x41,0x69,0xca,0x10,0x53,0x00,0x00,0x00,
    0x13,0x14,0x72,0xc0,0x87,0x74,0x60,0x87,0x36,0x68,0x87,0x79,0x68,0x03,0x72,0xc0,
    0x87,0x0d,0xaf,0x50,0x0e,0x6d,0xd0,0x0e,0x7a,0x50,0x0e,0x6d,0x00,0x0f,0x7a,0x30,
    0x07,0x72,0xa0,0x07,0x73,0x20,0x07,0x6d,0x90,0x0e,0x71,0xa0,0x07,0x73,0x20,0x07,
    0x6d,0x90,0x0e,0x78,0xa0,0x07,0x73,0x20,0x07,0x6d,0x90,0x0e,0x71,0x60,0x07,0x7a,
    0x30,0x07,0x72,0xd0,0x06,0xe9,0x30,0x07,0x72,0xa0,0x07,0x73,0x20,0x07,0x6d,0x90,
    0x0e,0x76,0x40,0x07,0x7a,0x60,0x07,0x74,0xd0,0x06,0xe6,0x10,0x07,0x76,0xa0,0x07,
    0x73,0x20,0x07,0x6d,0x60,0x0e,0x73,0x20,0x07,0x7a,0x30,0x07,0x72,0xd0,0x06,0xe6,
    0x60,0x07,0x74,0xa0,0x07,0x76,0x40,0x07,0x6d,0xe0,0x0e,0x78,0xa0,0x07,0x71,0x60,
    0x07,0x7a,0x30,0x07,0x72,0xa0,0x07,0x76,0x40,0x07,0x43,0x9e,0x00,0x00,0x00,0x00,
    0x00,0x00,0x00,0x00,0x00,0x00,0x00,0x86,0x3c,0x06,0x10,0x00,0x01,0x00,0x00,0x00,
    0x00,0x00,0x00,0x00,0x0c,0x79,0x10,0x20,0x00,0x02,0x00,0x00,0x00,0x00,0x00,0x00,
    0x00,0x18,0xf2,0x28,0x40,0x00,0x08,0x00,0x00,0x00,0x00,0x00,0x00,0x00,0x30,0xe4,
    0x69,0x80,0x00,0x10,0x00,0x00,0x00,0x00,0x00,0x00,0x00,0x60,0xc8,0x23,0x01,0x01,
    0x30,0x00,0x00,0x00,0x00,0x00,0x00,0x00,0xc0,0x90,0x87,0x02,0x02,0x20,0x00,0x00,
    0x00,0x00,0x00,0x00,0x00,0x80,0x21,0x8f,0x05,0x04,0x40,0x00,0x00,0x00,0x00,0x00,
    0x00,0x00,0x00,0x43,0x1e,0x0c,0x08,0x80,0x00,0x00,0x00,0x00,0x00,0x00,0x00,0x00,
    0x86,0x3c,0x1b,0x10,0x00,0x03,0x00,0x00,0x00,0x00,0x00,0x00,0x00,0x0c,0x79,0x3a,
    0x20,0x00,0x06,0x00,0x00,0x00,0x00,0x00,0x00,0x00,0xc8,0x02,0x01,0x00,0x00,0x00,
    0x1d,0x00,0x00,0x00,0x32,0x1e,0x98,0x18,0x19,0x11,0x4c,0x90,0x8c,0x09,0x26,0x47,
    0xc6,0x04,0x43,0x22,0x4a,0x60,0x04,0xa0,0x24,0x8a,0xa1,0x40,0x8a,0xa0,0x44,0xca,
    0xa0,0x10,0x4a,0xa1,0x3c,0xca,0xa1,0x20,0x8a,0xa2,0x2c,0x0a,0xa3,0x34,0x8a,0x83,
    0x8a,0x92,0x28,0x83,0x42,0x18,0x01,0x28,0x82,0x12,0x28,0x85,0x02,0x21,0x72,0x06,
    0x80,0xca,0x19,0x00,0x42,0x67,0x00,0x48,0x9d,0x01,0xa0,0x75,0x2c,0x39,0x80,0x03,
    0xe2,0x79,0x00,0xe0,0x79,0x9e,0xe7,0x79,0x9e,0xe7,0x79,0x00,0x20,0x10,0x88,0x07,
    0x00,0x00,0xe0,0x79,0x1e,0xe0,0x79,0x9e,0xe7,0x79,0x9e,0xe7,0x79,0x9e,0xe7,0x79,
    0x9e,0xe7,0x79,0x9e,0x07,0x00,0x00,0x00,0x79,0x18,0x00,0x00,0xc2,0x00,0x00,0x00,
    0x1a,0x03,0x4c,0x90,0x46,0x02,0x13,0xc4,0x8e,0x0c,0x6f,0xec,0xed,0x4d,0x0c,0x24,
    0xc6,0x25,0xc7,0x45,0xc6,0x06,0x26,0xc7,0xa5,0x06,0x04,0x05,0x26,0x46,0xcc,0x46,
    0x26,0x8c,0x8c,0xe6,0x26,0x65,0x43,0x10,0x4c,0x10,0x88,0x65,0x82,0x40,0x30,0x1b,
    0x84,0x81,0x98,0x20,0x10,0xcd,0x06,0x61,0x30,0x28,0xc0,0xcd,0x4d,0x10,0x08,0x67,
    0xc3,0x80,0x24,0xc4,0x04,0x81,0x0c,0xca,0x80,0xc0,0x04,0x81,0x78,0x26,0x08,0x04,
    0xb4,0x41,0x20,0x8c,0x0d,0x09,0xb1,0x30,0xc4,0xd0,0x38,0xc4,0x33,0x41,0x28,0x03,
    0x33,0x98,0x20,0x10,0xd1,0x86,0x64,0x88,0x18,0x42,0x1a,0x1c,0xe2,0xd9,0x20,0x40,
    0xd3,0x04,0x01,0x0d,0xce,0x60,0x03,0x42,0x54,0x0c,0x41,0x0c,0x0d,0xb0,0x21,0xb0,
    0x26,0x08,0x6a,0x80,0x06,0x1b,0x10,0x02,0x63,0x08,0x62,0x20,0x80,0x0d,0x41,0xb6,
    0x81,0xa0,0x80,0x4b,0x9b,0x20,0xac,0x41,0x1a,0x6c,0x08,0xb8,0x09,0x82,0x00,0xb0,
    0x31,0x93,0x0b,0x3b,0x6b,0x2b,0x73,0xa3,0xfb,0x6a,0x0b,0x4b,0x73,0xe3,0x32,0x65,
    0xf5,0x05,0xf5,0x36,0x97,0x46,0x97,0xf6,0xe6,0x36,0x41,0x28,0xba,0x09,0x42,0xe1,
    0x6d,0x08,0x88,0x09,0x42,0xf1,0x4d,0x10,0x0a,0x30,0x98,0x20,0x10,0xd2,0x06,0xc1,
    0x0c,0xcc,0x60,0xc3,0x42,0x80,0x41,0x18,0x88,0xc1,0x18,0x90,0xc1,0x40,0x06,0x44,
    0x19,0x9c,0x01,0x11,0xaa,0x22,0xac,0xa1,0xa7,0x27,0x29,0xa2,0x09,0x42,0x11,0x06,
    0x1b,0x96,0x21,0x0d,0xc2,0xa0,0x0c,0xc6,0x40,0x0d,0x06,0x35,0x18,0xca,0xe0,0x0c,
    0x36,0x04,0xc3,0x86,0xc5,0x49,0x83,0x30,0x28,0x03,0x36,0x50,0x83,0x41,0x0d,0x06,
    0x35,0x38,0x83,0x0d,0x81,0x33,0x41,0x28,0xc4,0x60,0xc3,0x62,0x06,0x69,0x10,0x06,
    0x65,0xe0,0x06,0x6f,0x30,0xa8,0x81,0x53,0x06,0x67,0x30,0x41,0x20,0xa6,0x0d,0x81,
    0x19,0x6c,0x58,0xe2,0x20,0x0d,0xc2,0xa0,0x0c,0xe4,0x40,0x0d,0x06,0x35,0x30,0x83,
    0x32,0x38,0x83,0x09,0x02,0x41,0xb1,0x18,0x7a,0x62,0x7a,0x92,0x9a,0x20,0x10,0xd5,
    0x06,0xc1,0x0c,0xec,0x60,0xc3,0x42,0x07,0x75,0x10,0x06,0x65,0x30,0x06,0x6f,0x30,
    0x90,0x41,0x1c,0x94,0xc1,0x1d,0x6c,0x08,0xe2,0x60,0xc3,0x92,0xa4,0x41,0x18,0x94,
    0x41,0x1e,0xbc,0xc1,0x40,0x06,0x74,0x50,0x06,0x77,0x30,0x41,0x20,0xac,0x0d,0x01,
    0x1d,0x6c,0x10,0xcc,0x60,0xd8,0xb0,0xec,0x41,0x1a,0x84,0x41,0x19,0xf0,0xc1,0x1b,
    0x0c,0x6f,0xe0,0xa8,0x41,0x1f,0x4c,0x10,0x88,0x6b,0x82,0x50,0x8c,0xc1,0x86,0x20,
    0xd9,0xb0,0xfc,0x41,0x1a,0x80,0x42,0x19,0x84,0xc2,0x1b,0x0c,0x6f,0xe0,0x88,0x41,
    0x1f,0x6c,0x08,0xf6,0x60,0xc3,0x62,0xa4,0x01,0x28,0x94,0xc1,0x28,0xbc,0xc1,0xf0,
    0x06,0x49,0x19,0xf4,0xc1,0x04,0x81,0xc0,0x36,0x04,0x7f,0xb0,0x61,0x29,0x85,0x34,
    0x08,0x83,0x32,0x30,0x85,0x37,0x18,0xc8,0x60,0x0f,0xca,0xe0,0x0e,0x26,0x08,0x44,
    0xb6,0x21,0x30,0x36,0x2c,0xa8,0x90,0x06,0x61,0x50,0x06,0xa9,0xf0,0x06,0x03,0x19,
    0xfc,0x41,0x19,0xdc,0xc1,0x04,0x81,0xd0,0x36,0x04,0xa5,0xb0,0x61,0x59,0x85,0x34,
    0x08,0x83,0x32,0x60,0x85,0x37,0x18,0xc8,0xc0,0x28,0x83,0x3b,0x98,0x20,0x10,0xdb,
    0x86,0x00,0x15,0x36,0x2c,0xae,0x90,0x06,0x61,0x50,0x06,0xaf,0xf0,0x06,0x03,0x19,
    0x94,0x42,0x19,0xdc,0xc1,0x04,0x81,0xe0,0x36,0x04,0xab,0xb0,0x61,0x89,0x85,0x34,
    0x08,0x83,0x32,0x90,0x85,0x37,0x18,0xc8,0x00,0x15,0xca,0xe0,0x0e,0x36,0x04,0xae,
    0xb0,0x61,0xb1,0x83,0x34,0x08,0x83,0x32,0xa0,0x85,0x37,0x18,0xd4,0x20,0x79,0x83,
    0x33,0xd8,0x00,0xa1,0xc1,0x1a,0xb4,0x01,0x1c,0xcc,0x01,0x1e,0xe8,0x81,0x1f,0x88,
    0x02,0x29,0x9c,0x82,0x2a,0xb4,0x02,0x2c,0xcc,0x42,0x2d,0x30,0x99,0xb2,0xfa,0xa2,
    0x0a,0x93,0x3b,0x2b,0xa3,0x9b,0x20,0x14,0x64,0xb0,0x61,0x21,0x6e,0x21,0x0c,0x70,
    0x61,0x0c,0xca,0x60,0x20,0x03,0xa2,0x0c,0xee,0x60,0x43,0x90,0x0b,0x1b,0x06,0x5b,
    0xd0,0x05,0x60,0x43,0xe1,0x7d,0xbb,0xb0,0x01,0x55,0xd8,0xd8,0xec,0xda,0x5c,0xd2,
    0xc8,0xca,0xdc,0xe8,0xa6,0x04,0x41,0x15,0x32,0x3c,0x17,0xbb,0x32,0xb9,0xb9,0xb4,
    0x37,0xb7,0x29,0x01,0xd1,0x84,0x0c,0xcf,0xc5,0x2e,0x8c,0xcd,0xae,0x4c,0x6e,0x4a,
    0x60,0xd4,0x21,0xc3,0x73,0x99,0x43,0x0b,0x23,0x2b,0x93,0x6b,0x7a,0x23,0x2b,0x63,
    0x9b,0x12,0x24,0x65,0xc8,0xf0,0x5c,0xe4,0xca,0xe6,0xde,0xea,0xe4,0xc6,0xca,0xe6,
    0xa6,0x04,0x5a,0x1d,0x32,0x3c,0x17,0xbb,0xb4,0xb2,0xbb,0x24,0xb2,0x29,0xba,0x30,
    0xba,0xb2,0x29,0x01,0x57,0x87,0x0c,0xcf,0xa5,0xcc,0x8d,0x4e,0x2e,0x0f,0xea,0x2d,
    0xcd,0x8d,0x6e,0x6e,0x4a,0xb0,0x0b,0x00,0x79,0x18,0x00,0x00,0x5f,0x00,0x00,0x00,
    0x33,0x08,0x80,0x1c,0xc4,0xe1,0x1c,0x66,0x14,0x01,0x3d,0x88,0x43,0x38,0x84,0xc3,
    0x8c,0x42,0x80,0x07,0x79,0x78,0x07,0x73,0x98,0x71,0x0c,0xe6,0x00,0x0f,0xed,0x10,
    0x0e,0xf4,0x80,0x0e,0x33,0x0c,0x42,0x1e,0xc2,0xc1,0x1d,0xce,0xa1,0x1c,0x66,0x30,
    0x05,0x3d,0x88,0x43,0x38,0x84,0x83,0x1b,0xcc,0x03,0x3d,0xc8,0x43,0x3d,0x8c,0x03,
    0x3d,0xcc,0x78,0x8c,0x74,0x70,0x07,0x7b,0x08,0x07,0x79,0x48,0x87,0x70,0x70,0x07,
    0x7a,0x70,0x03,0x76,0x78,0x87,0x70,0x20,0x87,0x19,0xcc,0x11,0x0e,0xec,0x90,0x0e,
    0xe1,0x30,0x0f,0x6e,0x30,0x0f,0xe3,0xf0,0x0e,0xf0,0x50,0x0e,0x33,0x10,0xc4,0x1d,
    0xde,0x21,0x1c,0xd8,0x21,0x1d,0xc2,0x61,0x1e,0x66,0x30,0x89,0x3b,0xbc,0x83,0x3b,
    0xd0,0x43,0x39,0xb4,0x03,0x3c,0xbc,0x83,0x3c,0x84,0x03,0x3b,0xcc,0xf0,0x14,0x76,
    0x60,0x07,0x7b,0x68,0x07,0x37,0x68,0x87,0x72,0x68,0x07,0x37,0x80,0x87,0x70,0x90,
    0x87,0x70,0x60,0x07,0x76,0x28,0x07,0x76,0xf8,0x05,0x76,0x78,0x87,0x77,0x80,0x87,
    0x5f,0x08,0x87,0x71,0x18,0x87,0x72,0x98,0x87,0x79,0x98,0x81,0x2c,0xee,0xf0,0x0e,
    0xee,0xe0,0x0e,0xf5,0xc0,0x0e,0xec,0x30,0x03,0x62,0xc8,0xa1,0x1c,0xe4,0xa1,0x1c,
    0xcc,0xa1,0x1c,0xe4,0xa1,0x1c,0xdc,0x61,0x1c,0xca,0x21,0x1c,0xc4,0x81,0x1d,0xca,
    0x61,0x06,0xd6,0x90,0x43,0x39,0xc8,0x43,0x39,0x98,0x43,0x39,0xc8,0x43,0x39,0xb8,
    0xc3,0x38,0x94,0x43,0x38,0x88,0x03,0x3b,0x94,0xc3,0x2f,0xbc,0x83,0x3c,0xfc,0x82,
    0x3b,0xd4,0x03,0x3b,0xb0,0xc3,0x0c,0xc4,0x21,0x07,0x7c,0x70,0x03,0x7a,0x28,0x87,
    0x76,0x80,0x87,0x19,0xcb,0x43,0x0e,0xf8,0xe0,0x06,0xf0,0x20,0x0f,0xe5,0x30,0x0e,
    0xe9,0x30,0x0f,0xe5,0x30,0x43,0x81,0xd8,0x81,0x1d,0xec,0xa1,0x1d,0xdc,0x80,0x1d,
    0xde,0xe1,0x1d,0xe0,0x61,0x46,0x14,0x91,0x03,0x3e,0xb8,0x01,0x39,0x88,0xc3,0x39,
    0xb8,0x81,0x3d,0x84,0x83,0x3c,0xb0,0x43,0x38,0xe4,0xc3,0x3b,0xd4,0x03,0x3d,0xcc,
    0x70,0x24,0x72,0xc0,0x07,0x37,0x70,0x87,0x77,0x70,0x87,0x7a,0x70,0x87,0x74,0x30,
    0x87,0x77,0x90,0x87,0x76,0x98,0xc1,0x4c,0xe4,0x80,0x0f,0x6e,0x20,0x0e,0xf2,0x50,
    0x0e,0xe1,0xb0,0x0e,0x6e,0x20,0x0e,0xf2,0x00,0x00,0x00,0x00,0x71,0x20,0x00,0x00,
    0x2c,0x00,0x00,0x00,0x76,0x00,0x0d,0x97,0xef,0x3c,0x7e,0x80,0x34,0x40,0x84,0xf9,
    0xc5,0x6d,0x1b,0x02,0x34,0x5c,0xbe,0xf3,0xf8,0x01,0xd2,0x00,0x11,0xe6,0x23,0xb7,
    0x6d,0x09,0xdb,0x70,0xf9,0xce,0xe3,0x0b,0x01,0x55,0x14,0x44,0x54,0x3a,0xc0,0x50,
    0x12,0x06,0x20,0x60,0x7e,0x71,0xdb,0xa6,0x20,0x0d,0x97,0xef,0x3c,0xbe,0x10,0x11,
    0xc0,0x44,0x84,0x40,0x33,0x2c,0x84,0x11,0x34,0xc3,0xe5,0x3b,0x8f,0x3f,0x20,0x92,
    0x00,0x44,0x83,0x05,0x4c,0xc3,0xe5,0x3b,0x8f,0xbf,0x38,0xc0,0x20,0x36,0x0f,0x35,
    0xf9,0xc5,0x6d,0x9b,0xc0,0x34,0x5c,0xbe,0xf3,0xf8,0x8b,0x03,0x0c,0x62,0xf3,0x50,
    0x93,0x8f,0xdc,0xb6,0x15,0x54,0xc3,0xe5,0x3b,0x8f,0x2f,0x01,0xcc,0xb3,0x10,0x25,
    0x51,0x11,0x8b,0x5f,0xdc,0xb6,0x0d,0x54,0xc3,0xe5,0x3b,0x8f,0x2f,0x4d,0x4e,0x44,
    0xa0,0xd4,0xf4,0x50,0x93,0x5f,0xdc,0xb6,0x19,0x3c,0xc3,0xe5,0x3b,0x8f,0x4f,0x35,
    0x40,0x84,0xf9,0xc5,0x6d,0x1b,0x40,0x53,0x44,0x80,0xc1,0x10,0xcd,0xf4,0x33,0x00,
    0xd2,0x00,0x00,0x00,0x61,0x20,0x00,0x00,0x18,0x0f,0x00,0x00,0x13,0x04,0x67,0x10,
    0x0b,0x04,0x00,0x00,0x4a,0x00,0x00,0x00,0xc4,0x8c,0x00,0xd4,0x00,0x11,0x65,0x57,
    0x50,0x45,0x1a,0x50,0x7c,0x25,0x57,0xa8,0x01,0x65,0x1a,0x50,0x48,0x05,0x33,0x03,
    0x50,0x2a,0x65,0x44,0xc3,0x18,0xc1,0x8d,0xb7,0x63,0xcb,0x8d,0x11,0x80,0xa0,0x08,
    0xe2,0x62,0x30,0x03,0x30,0x46,0x00,0x82,0x20,0x48,0x82,0xc1,0x18,0x81,0xcb,0xd6,
    0xeb,0xfb,0x8d,0x11,0xd8,0x32,0x7f,0xb3,0xdf,0x18,0xc1,0xaa,0x8a,0x2d,0xfa,0x8d,
    0x11,0xa8,0x72,0x7d,0xef,0xde,0x18,0x01,0xdc,0xb2,0xf3,0xfa,0x8d,0x11,0xa0,0xf1,
    0x19,0xaa,0xdf,0x18,0xc1,0xee,0xb7,0xa7,0xf9,0x8d,0x11,0xa0,0x27,0xed,0xf3,0xde,
    0x18,0x01,0x08,0x82,0x20,0x0a,0x0e,0x63,0x04,0x20,0x08,0x82,0x28,0x18,0x8c,0x11,
    0xbc,0x7c,0x6c,0xbf,0xdf,0x18,0x81,0x1e,0xf6,0xae,0xfb,0x8d,0x11,0xdc,0xa2,0xa9,
    0xb2,0xdf,0x18,0x01,0x3e,0xdb,0x6c,0xfa,0x8d,0x11,0xa4,0x63,0x8d,0x8f,0xdf,0x18,
    0x01,0x9c,0xbe,0x20,0xee,0x8d,0x11,0x9c,0x23,0xea,0x9f,0xdf,0x18,0xc1,0x5a,0x9a,
    0xbe,0xf9,0x8d,0x11,0xfc,0xb8,0x08,0x96,0xdf,0x18,0xc1,0xcc,0xeb,0xa7,0xf8,0x8d,
    0x11,0x84,0x38,0x68,0xf7,0xde,0x18,0x41,0x7b,0xbb,0x22,0xed,0x8d,0x11,0xa8,0x31,
    0x8c,0x93,0xdf,0x18,0x01,0x08,0x82,0x20,0xfc,0x0b,0x63,0x04,0x20,0x08,0x82,0x20,
    0x18,0x8c,0x11,0x80,0x20,0x08,0xc2,0xdf,0x18,0x01,0x08,0x82,0x20,0x08,0x0a,0x63,
    0x04,0x6a,0x0c,0xe3,0xec,0x37,0x46,0xa0,0xbf,0xe1,0xa9,0x7e,0x63,0x04,0x27,0x3f,
    0xb6,0xeb,0x2f,0x8c,0x11,0xe0,0x7b,0x88,0xfa,0xdf,0x18,0x81,0x7a,0x9f,0xb2,0xff,
    0x0b,0x63,0x04,0xef,0x1c,0xd3,0xfa,0x37,0x46,0x90,0xf2,0xac,0x6e,0x7e,0x63,0x04,
    0x7b,0xac,0xc6,0xf3,0x2f,0x8c,0x11,0x80,0x20,0x08,0xe2,0xdf,0x08,0x00,0x00,0x00,
    0x23,0x06,0x09,0x00,0x82,0x60,0xd0,0xdd,0x42,0x1c,0x84,0x82,0x2d,0xc0,0xc2,0x1d,
    0x8c,0x18,0x24,0x00,0x08,0x82,0x41,0x87,0x0b,0x72,0x40,0x0a,0xb6,0x60,0x0b,0x78,
    0x30,0x62,0x90,0x00,0x20,0x08,0x06,0x5d,0x2e,0xcc,0x81,0x28,0xdc,0xc2,0x2d,0xe4,
    0xc1,0x88,0x41,0x02,0x80,0x20,0x18,0x18,0xe3,0x10,0x0b,0xaf,0x80,0x0b,0xa4,0xf0,
    0x06,0x23,0x06,0x09,0x00,0x82,0x60,0x60,0x90,0x83,0x2c,0xc0,0x42,0x2e,0x8c,0x02,
    0x1c,0x8c,0x18,0x24,0x00,0x08,0x82,0x81,0x51,0x0e,0xb3,0xa0,0x0a,0xba,0x60,0x0a,
    0x71,0x30,0x62,0x90,0x00,0x20,0x08,0x06,0x86,0x39,0xd0,0xc2,0x2a,0xec,0x42,0x29,
    0xc8,0xc1,0x88,0x41,0x02,0x80,0x20,0x18,0x18,0xe7,0x50,0x0b,0xac,0xc0,0x0b,0xa7,
    0x30,0x07,0x23,0x06,0x09,0x00,0x82,0x60,0x60,0xa0,0x83,0x2d,0xb4,0x42,0x2f,0xac,
    0x02,0x1d,0x8c,0x18,0x24,0x00,0x08,0x82,0x81,0x91,0x0e,0xb7,0xf0,0x0a,0xbe,0xa0,
    0x0a,0x75,0x30,0x62,0x90,0x00,0x20,0x08,0x06,0x86,0x3a,0xe0,0x02,0x2c,0xfc,0x42,
    0x2a,0xd8,0xc1,0x88,0x41,0x02,0x80,0x20,0x18,0x18,0xeb,0x90,0x0b,0xb1,0x00,0x0e,
    0xab,0x70,0x07,0x23,0x06,0x09,0x00,0x82,0x60,0x60,0xb0,0x83,0x2e,0xc8,0x42,0x38,
    0xbc,0x02,0x1e,0x8c,0x18,0x24,0x00,0x08,0x82,0x81,0xd1,0x0e,0xbb,0x40,0x0b,0xe2,
    0xe0,0x0a,0x79,0x30,0x62,0x90,0x00,0x20,0x08,0x06,0x86,0x3b,0xf0,0x42,0x2d,0x8c,
    0x43,0x2b,0xe8,0xc1,0x88,0x41,0x02,0x80,0x20,0x18,0x18,0xef,0xd0,0x0b,0xb6,0x40,
    0x0e,0xaf,0xb0,0x07,0x23,0x06,0x09,0x00,0x82,0x60,0x60,0xc0,0x83,0x2f,0xdc,0x42,
    0x39,0xcc,0x02,0x1f,0x8c,0x18,0x24,0x00,0x08,0x82,0x81,0x11,0x0f,0xbf,0x90,0x0b,
    0xe6,0x20,0x0b,0x7d,0x30,0x62,0x90,0x00,0x20,0x08,0x06,0x86,0x3c,0x80,0x83,0x2e,
    0x9c,0x43,0x2c,0xf8,0xc1,0x88,0x41,0x02,0x80,0x20,0x18,0x18,0xf3,0x10,0x0e,0xbb,
    0x80,0x0e,0xb3,0xf0,0x07,0x23,0x06,0x09,0x00,0x82,0x60,0x60,0xd0,0x83,0x38,0xf0,
    0x42,0x3a,0xdc,0x02,0x28,0x8c,0x18,0x24,0x00,0x08,0x82,0x81,0x51,0x0f,0xe3,0xe0,
    0x0b,0xea,0x60,0x0b,0xa1,0x30,0x62,0x90,0x00,0x20,0x08,0x06,0x86,0x3d,0x90,0xc3,
    0x2f,0xac,0x43,0x2d,0x88,0xc2,0x88,0x41,0x02,0x80,0x20,0x18,0x18,0xf7,0x50,0x0e,
    0xe0,0xc0,0x0e,0xb7,0x30,0x0a,0x23,0x06,0x09,0x00,0x82,0x60,0x60,0xe0,0x83,0x39,
    0x84,0x43,0x3b,0xec,0x02,0x29,0x8c,0x18,0x24,0x00,0x08,0x82,0x01,0x82,0x0f,0xe7,
    0xd0,0x0e,0xee,0xa0,0x0b,0xa5,0x30,0x62,0x90,0x00,0x20,0x08,0x06,0x48,0x3e,0xa0,
    0x03,0x39,0xbc,0xc3,0x2e,0x98,0xc2,0x88,0x41,0x02,0x80,0x20,0x18,0x18,0xfb,0x90,
    0x0e,0xe6,0x00,0x0f,0xbc,0x70,0x0a,0x23,0x06,0x09,0x00,0x82,0x60,0x60,0xf0,0x83,
    0x3a,0xbc,0x43,0x3c,0xf4,0x02,0x2a,0x8c,0x18,0x24,0x00,0x08,0x82,0x81,0xd1,0x0f,
    0xeb,0x00,0x0f,0xf2,0xc0,0x0b,0xa9,0x30,0x62,0x90,0x00,0x20,0x08,0x06,0x86,0x3f,
    0xb0,0xc3,0x3a,0xcc,0xc3,0x2f,0xa8,0xc2,0x88,0x41,0x02,0x80,0x20,0x18,0x18,0xff,
    0xd0,0x0e,0xec,0x40,0x0f,0xbe,0xb0,0x0a,0x23,0x06,0x09,0x00,0x82,0x60,0x60,0x80,
    0x84,0x3b,0xb4,0x43,0x3d,0x80,0x03,0x2b,0x8c,0x18,0x24,0x00,0x08,0x82,0x81,0x11,
    0x12,0xef,0xe0,0x0e,0xf6,0x40,0x0e,0xad,0x30,0x62,0x90,0x00,0x20,0x08,0x06,0x86,
    0x48,0xc0,0x03,0x3c,0xdc,0xc3,0x38,0xb8,0xc2,0x88,0x41,0x02,0x80,0x20,0x18,0x18,
    0x23,0x11,0x0f,0xf1,0x80,0x0f,0xe2,0xf0,0x0a,0x23,0x06,0x09,0x00,0x82,0x60,0x60,
    0x90,0x84,0x3c,0xcc,0x43,0x3e,0x94,0x03,0x2c,0x8c,0x18,0x24,0x00,0x08,0x82,0x81,
    0x51,0x12,0xf3,0x40,0x0f,0xfa,0x40,0x0e,0xb1,0x30,0x62,0x90,0x00,0x20,0x08,0x06,
    0x86,0x49,0xd0,0xc3,0x3d,0xec,0xc3,0x39,0xc8,0xc2,0x88,0x41,0x02,0x80,0x20,0x18,
    0x18,0x27,0x51,0x0f,0xf8,0xc0,0x0f,0xe6,0x30,0x0b,0x23,0x06,0x09,0x00,0x82,0x60,
    0x60,0xa0,0x84,0x3d,0xf8,0x43,0x3f,0xa4,0x03,0x2d,0x8c,0x18,0x24,0x00,0x08,0x82,
    0x81,0x91,0x12,0xf7,0xf0,0x0f,0xfe,0x80,0x0e,0xb5,0x30,0x62,0x90,0x00,0x20,0x08,
    0x06,0x86,0x4a,0xe0,0xc3,0x3f,0xfc,0xc3,0x3a,0xd8,0xc2,0x88,0x41,0x02,0x80,0x20,
    0x18,0x18,0x2b,0x91,0x0f,0x20,0x01,0x12,0xea,0x70,0x0b,0xc3,0x11,0x04,0x44,0x7c,
    0xc3,0x11,0x04,0x44,0x7c,0x25,0x04,0x3b,0xcb,0x20,0x04,0xc1,0x88,0x41,0x02,0x80,
    0x20,0x18,0x18,0x2f,0xd1,0x0f,0x22,0x41,0x12,0xf2,0xb0,0x0b,0x23,0x06,0x09,0x00,
    0x82,0x60,0x60,0xc0,0x84,0x3f,0x8c,0x44,0x49,0xc0,0x03,0x2f,0x58,0x50,0xc1,0xc7,
    0x86,0x0a,0x3e,0xc3,0x11,0x8b,0x30,0x7c,0xc3,0x11,0x8b,0x30,0x7c,0x15,0x08,0x3b,
    0xcb,0x20,0x0c,0xc1,0x88,0x81,0x01,0x80,0x20,0x18,0x34,0x33,0x91,0x0e,0xec,0x30,
    0x4b,0x30,0x0c,0x47,0xc4,0xc1,0x1d,0x28,0xdf,0x2c,0x03,0x51,0x04,0x06,0x06,0xa5,
    0x20,0x1f,0x0b,0xc6,0x20,0x3e,0x16,0x44,0xf0,0x31,0x31,0x40,0x05,0xf9,0x58,0x50,
    0x06,0xf1,0xb1,0x60,0x82,0xcf,0x88,0x81,0x01,0x80,0x20,0x18,0x50,0x38,0x01,0x13,
    0xc4,0x88,0x81,0x01,0x80,0x20,0x18,0x50,0x39,0x11,0x13,0x82,0xa1,0xc1,0x2a,0xc8,
    0xc7,0xd0,0x80,0x15,0xe4,0x63,0x02,0x1f,0xc4,0xc7,0x84,0x3e,0x88,0x8f,0x19,0x42,
    0x7c,0xcc,0x10,0xe2,0x33,0x62,0x70,0x00,0x20,0x08,0x06,0xd6,0x4f,0xbc,0x83,0x60,
    0x0a,0x23,0x06,0x07,0x00,0x82,0x60,0x60,0x81,0x05,0x3c,0x08,0xa7,0x60,0x82,0x20,
    0x1f,0x13,0x04,0xf9,0x58,0x20,0xc0,0x67,0xc4,0xc0,0x00,0x40,0x10,0x0c,0xa8,0xb2,
    0xb8,0x87,0x60,0xc4,0xe0,0x00,0x40,0x10,0x0c,0xac,0xb2,0xa8,0x07,0xe4,0x18,0x31,
    0x38,0x00,0x10,0x04,0x03,0xcb,0x2c,0xf4,0x21,0x68,0x05,0x1b,0x50,0x21,0x3e,0x26,
    0x04,0xf0,0x19,0x31,0x30,0x00,0x10,0x04,0x03,0x4a,0x2d,0xfc,0x21,0x18,0x31,0x30,
    0x00,0x10,0x04,0x03,0x6a,0x2d,0xc6,0x22,0x18,0x31,0x30,0x00,0x10,0x04,0x03,0x8a,
    0x2d,0x42,0x62,0x18,0x31,0x30,0x00,0x10,0x04,0x03,0xaa,0x2d,0xca,0x22,0xb0,0x60,
    0x80,0x8f,0x05,0xe0,0x20,0x9f,0x11,0x83,0x03,0x00,0x41,0x30,0xb0,0xde,0xe2,0x1f,
    0x02,0x7f,0xb0,0x60,0x1c,0xe4,0x63,0x42,0x02,0x1f,0x0b,0x04,0xfa,0x8c,0x18,0x18,
    0x00,0x08,0x82,0x01,0x45,0x17,0x64,0x11,0x58,0x70,0x0e,0xf2,0xb1,0x90,0x08,0xe2,
    0x63,0xc3,0x20,0x1f,0x0b,0x04,0xf9,0x18,0x38,0x04,0xf1,0x99,0x25,0x28,0x06,0x2a,
    0x06,0x81,0x10,0x8d,0x61,0x38,0x42,0x17,0xc2,0x41,0xf9,0x66,0x19,0x8c,0x23,0x30,
    0x57,0x78,0x07,0xf9,0x58,0x10,0x0b,0xf1,0xb1,0x60,0x0f,0xe0,0x63,0xb0,0x20,0x0f,
    0xf2,0xb1,0x60,0x16,0xe2,0x63,0x41,0x1f,0xc0,0x67,0xc4,0xc0,0x00,0x40,0x10,0x0c,
    0x28,0xd1,0xd0,0x0b,0x62,0xc4,0xc0,0x00,0x40,0x10,0x0c,0xa8,0xd1,0xd8,0x0b,0xc1,
    0x6c,0xa1,0x1e,0xe4,0x63,0xb6,0x60,0x0f,0xf2,0x31,0xa1,0x1c,0xe2,0x63,0x82,0x39,
    0xc4,0xc7,0x0c,0x21,0x3e,0x66,0x08,0xf1,0x19,0x31,0x38,0x00,0x10,0x04,0x03,0x2b,
    0x35,0x72,0x42,0x80,0x87,0x11,0x83,0x03,0x00,0x41,0x30,0xb0,0x54,0x43,0x27,0x84,
    0x78,0x30,0x41,0x90,0x8f,0x09,0x82,0x7c,0x2c,0x10,0xe0,0x33,0x62,0x60,0x00,0x20,
    0x08,0x06,0xd4,0x6b,0x84,0x45,0x30,0x62,0x70,0x00,0x20,0x08,0x06,0xd6,0x6b,0xfc,
    0x04,0x72,0x8c,0x18,0x1c,0x00,0x08,0x82,0x81,0x05,0x1b,0x64,0x11,0xdc,0x83,0x0d,
    0xf1,0x10,0x1f,0x13,0x02,0xf8,0x8c,0x18,0x18,0x00,0x08,0x82,0x01,0x45,0x1b,0x68,
    0x11,0x8c,0x18,0x18,0x00,0x08,0x82,0x01,0x55,0x1b,0xad,0x11,0x8c,0x18,0x18,0x00,
    0x08,0x82,0x01,0x65,0x1b,0x6b,0x31,0x8c,0x18,0x18,0x00,0x08,0x82,0x01,0x75,0x1b,
    0xaf,0x11,0x58,0x30,0xc0,0xc7,0x02,0x95,0x90,0xcf,0x88,0xc1,0x01,0x80,0x20,0x18,
    0x58,0xb9,0x91,0x16,0x01,0x5a,0x58,0xd0,0x12,0xf2,0x31,0x21,0x81,0x8f,0x05,0x02,
    0x7d,0x46,0x0c,0x0c,0x00,0x04,0xc1,0x80,0xf2,0x0d,0xd7,0x08,0x2c,0x88,0x09,0xf9,
    0xd8,0x5a,0x04,0xf1,0xb1,0x61,0x90,0x8f,0x05,0x82,0x7c,0x4c,0x25,0x82,0xf8,0xcc,
    0x12,0x1c,0x03,0x15,0x83,0x60,0xd8,0x48,0x61,0xc1,0x1a,0xc8,0x67,0x38,0x82,0x24,
    0x58,0x42,0xf9,0x66,0x19,0x90,0x24,0xb0,0x7e,0xd0,0x09,0xf9,0x58,0x00,0x12,0xf1,
    0xb1,0xc0,0x1c,0xe0,0x63,0xff,0xd0,0x13,0xf2,0xb1,0x40,0x24,0xe2,0x63,0x01,0x3a,
    0xc0,0x67,0xc4,0xc0,0x00,0x40,0x10,0x0c,0xa8,0xf6,0x28,0x0f,0x62,0xc4,0xc0,0x00,
    0x40,0x10,0x0c,0x28,0xf7,0x30,0x0f,0xc1,0x4a,0x02,0x2c,0xe4,0x63,0x25,0x11,0x16,
    0xf2,0x31,0xe1,0x25,0xe2,0x63,0x02,0x4c,0xc4,0xc7,0x0c,0x21,0x3e,0x66,0x08,0xf1,
    0x19,0x31,0x38,0x00,0x10,0x04,0x03,0x8b,0x3e,0x48,0x43,0xd8,0x89,0x11,0x83,0x03,
    0x00,0x41,0x30,0xb0,0xea,0xa3,0x34,0x04,0x9e,0x30,0x41,0x90,0x8f,0x09,0x82,0x7c,
    0x2c,0x10,0xe0,0x33,0x62,0x60,0x00,0x20,0x08,0x06,0x94,0x7e,0xb0,0x46,0x30,0x62,
    0x70,0x00,0x20,0x08,0x06,0x96,0x7e,0xa8,0x06,0x72,0x8c,0x18,0x1c,0x00,0x08,0x82,
    0x81,0xb5,0x1f,0xaf,0x11,0x88,0x85,0x0d,0x3b,0x11,0x1f,0x13,0x02,0xf8,0x8c,0x18,
    0x18,0x00,0x08,0x82,0x01,0xf5,0x1f,0xb3,0x11,0x8c,0x18,0x18,0x00,0x08,0x82,0x01,
    0x05,0x22,0xf8,0x11,0x8c,0x18,0x18,0x00,0x08,0x82,0x01,0x15,0x22,0xb6,0x31,0x8c,
    0x18,0x18,0x00,0x08,0x82,0x01,0x25,0x22,0xfa,0x11,0x58,0x30,0xc0,0xc7,0x82,0xba,
    0x90,0xcf,0x88,0xc1,0x01,0x80,0x20,0x18,0x58,0x24,0x42,0x1b,0xc1,0x6c,0x58,0x80,
    0x17,0xf2,0x31,0x21,0x81,0x8f,0x05,0x02,0x7d,0x46,0x0c,0x0c,0x00,0x04,0xc1,0x80,
    0x4a,0x91,0xfc,0x08,0x2c,0xe0,0x0b,0xf9,0x98,0x6d,0x04,0xf1,0xb1,0x61,0x90,0x8f,
    0x05,0x82,0x7c,0xac,0x2e,0x82,0xf8,0xcc,0x12,0x24,0x03,0x15,0x83,0x80,0xb0,0xcb,
    0x61,0x6b,0x10,0xc8,0x67,0x38,0xc2,0x2d,0xee,0x42,0xf9,0x66,0x19,0x94,0x25,0x30,
    0xb6,0x28,0x0d,0xf9,0x58,0xf0,0x16,0xf1,0xb1,0x20,0x26,0xe0,0x63,0x6e,0x81,0x1a,
    0xf2,0xb1,0x20,0x2e,0xe2,0x63,0xc1,0x4c,0xc0,0x67,0xc4,0xc0,0x00,0x40,0x10,0x0c,
    0x28,0x1c,0x81,0x11,0x62,0xc4,0xc0,0x00,0x40,0x10,0x0c,0xa8,0x1c,0x89,0x11,0xc1,
    0xe8,0x62,0x35,0xe4,0x63,0x74,0xc1,0x1a,0xf2,0x31,0x21,0x2f,0xe2,0x63,0x82,0x5e,
    0xc4,0xc7,0x0c,0x21,0x3e,0x66,0x08,0xf1,0x19,0x31,0x38,0x00,0x10,0x04,0x03,0xeb,
    0x47,0xde,0x43,0x30,0x8d,0x11,0x83,0x03,0x00,0x41,0x30,0xb0,0xc0,0x04,0x3e,0x84,
    0xd3,0x30,0x41,0x90,0x8f,0x09,0x82,0x7c,0x2c,0x10,0xe0,0x33,0x62,0x60,0x00,0x20,
    0x08,0x06,0x54,0x99,0xdc,0x47,0x30,0x62,0x70,0x00,0x20,0x08,0x06,0x56,0x99,0xd4,
    0x07,0x72,0x8c,0x18,0x1c,0x00,0x08,0x82,0x81,0x65,0x26,0xfa,0x11,0xb4,0x86,0x0d,
    0xa5,0x11,0x1f,0x13,0x02,0xf8,0x8c,0x18,0x18,0x00,0x08,0x82,0x01,0xa5,0x26,0xfe,
    0x11,0x8c,0x18,0x18,0x00,0x08,0x82,0x01,0xb5,0x26,0x63,0x12,0x8c,0x18,0x18,0x00,
    0x08,0x82,0x01,0xc5,0x26,0x21,0x32,0x8c,0x18,0x18,0x00,0x08,0x82,0x01,0xd5,0x26,
    0x65,0x12,0x58,0x30,0xc0,0xc7,0x02,0xf0,0x90,0xcf,0x88,0xc1,0x01,0x80,0x20,0x18,
    0x58,0x6f,0xf2,0x1f,0x81,0x7f,0x58,0x30,0x1e,0xf2,0x31,0x21,0x81,0x8f,0x05,0x02,
    0x7d,0x46,0x0c,0x0c,0x00,0x04,0xc1,0x80,0xa2,0x13,0x32,0x09,0x2c,0x38,0x0f,0xf9,
    0x58,0x88,0x04,0xf1,0xb1,0x61,0x90,0x8f,0x05,0x82,0x7c,0x0c,0x3c,0x82,0xf8,0xcc,
    0x12,0x2c,0x03,0x15,0x83,0xa0,0x88,0x4e,0x62,0x6b,0x10,0xc8,0x67,0x38,0x22,0x10,
    0x0f,0xe5,0x9b,0x65,0x68,0x98,0x60,0xc4,0xc0,0x00,0x40,0x10,0x0c,0x9a,0x3f,0xa9,
    0x11,0x1c,0x99,0x25,0x68,0x86,0x1b,0x50,0xa3,0x4d,0xc0,0x60,0x96,0xc1,0xf1,0x82,
    0xe1,0x86,0xd0,0x20,0x0f,0x61,0x96,0xe1,0x81,0x82,0x11,0x83,0x03,0x00,0x41,0x30,
    0xd8,0xf8,0x24,0x47,0xc4,0x23,0x4f,0x46,0x13,0x02,0xa1,0xf8,0x22,0xa0,0xe2,0x0b,
    0x81,0x4a,0x28,0x8f,0x28,0xa1,0x3c,0x62,0x96,0x00,0x1a,0xa8,0x18,0x88,0x07,0x65,
    0x9c,0x81,0x8a,0x81,0x78,0x50,0xc6,0x19,0x31,0x38,0x00,0x10,0x04,0x03,0xcb,0x54,
    0x74,0x04,0x35,0x4e,0xa3,0x82,0xfc,0x90,0x11,0x83,0x03,0x00,0x41,0x30,0xb0,0x50,
    0x05,0x47,0x66,0xe3,0x3d,0x46,0x0c,0x0e,0x00,0x04,0xc1,0xc0,0x4a,0x95,0x1e,0x09,
    0x84,0xe1,0x06,0xd7,0x88,0x0f,0xa5,0x58,0x43,0x88,0xe1,0x86,0x61,0x3e,0x84,0x59,
    0x86,0x2b,0x1a,0x46,0x0c,0x0c,0x00,0x04,0xc1,0x80,0x72,0x15,0x31,0x49,0x46,0x0c,
    0x0c,0x00,0x04,0xc1,0x80,0x7a,0x95,0x31,0x49,0x46,0x0c,0x0c,0x00,0x04,0xc1,0x80,
    0x82,0x15,0x54,0x11,0x46,0x0c,0x0c,0x00,0x04,0xc1,0x80,0x8a,0x95,0x54,0x11,0x46,
    0x0c,0x0c,0x00,0x04,0xc1,0x80,0x92,0x95,0x33,0x69,0x46,0x0c,0x0c,0x00,0x04,0xc1,
    0x80,0x9a,0x15,0x34,0x69,0x46,0x0c,0x0c,0x00,0x04,0xc1,0x80,0xa2,0x15,0x56,0x11,
    0x46,0x0c,0x0c,0x00,0x04,0xc1,0x80,0xaa,0x95,0x56,0x11,0x4c,0x30,0xe0,0x63,0x82,
    0x01,0x9f,0x11,0x83,0x03,0x00,0x41,0x30,0xb0,0x6e,0xe5,0x4c,0x04,0x33,0x19,0x31,
    0x38,0x00,0x10,0x04,0x03,0x0b,0x57,0xd0,0x44,0x38,0x13,0x13,0x56,0x44,0x3e,0x16,
    0x58,0xf0,0x19,0x31,0x38,0x00,0x10,0x04,0x03,0x6b,0x57,0xde,0xa4,0x37,0x02,0xc3,
    0x86,0xf8,0x8c,0x18,0x1c,0x00,0x08,0x82,0x81,0xd5,0x2b,0x6d,0x42,0x22,0x81,0x0d,
    0x41,0x7c,0x46,0x0c,0x0e,0x00,0x04,0xc1,0xc0,0xfa,0x95,0x37,0x31,0x91,0xc0,0x82,
    0x84,0x3e,0x96,0xcc,0x88,0x7c,0x2c,0xe8,0xe0,0x33,0x62,0x70,0x00,0x20,0x08,0x06,
    0xd6,0xb8,0xdc,0x09,0x16,0xd8,0x37,0xc4,0x67,0xc4,0xe0,0x00,0x40,0x10,0x0c,0xac,
    0x72,0xa9,0x13,0x2e,0xb0,0x21,0x88,0xcf,0x88,0xc1,0x01,0x80,0x20,0x18,0x58,0xe7,
    0x72,0x27,0x2e,0x12,0x58,0x00,0xd1,0xc7,0x82,0x44,0x3e,0xb3,0x0c,0x52,0xe7,0x8d,
    0x18,0x1c,0x00,0x08,0x82,0x81,0xa5,0x2e,0x7a,0x12,0x23,0xc6,0x88,0xc1,0x01,0x80,
    0x20,0x18,0x58,0xeb,0xf2,0x27,0x62,0x90,0x0c,0x47,0x04,0x82,0xf2,0xcd,0x32,0x4c,
    0x54,0x60,0xc2,0x00,0x1f,0x0b,0xc0,0x44,0x3e,0x46,0x14,0xf1,0xb1,0x40,0x4c,0xe4,
    0x63,0x02,0x9f,0xc8,0xc7,0x88,0x20,0x3e,0xa6,0x06,0x66,0x22,0x1f,0x0b,0x84,0xf8,
    0x58,0x30,0xc8,0x67,0xc4,0xe0,0x00,0x40,0x10,0x0c,0x2c,0x7b,0x31,0x95,0x1e,0x09,
    0x46,0x0c,0x0c,0x00,0x04,0xc1,0x80,0xc2,0x17,0x55,0x09,0xec,0x0d,0x82,0xf8,0xd8,
    0x7e,0x04,0xf1,0x19,0x31,0x38,0x00,0x10,0x04,0x03,0x4b,0x5f,0x5c,0x25,0x00,0x83,
    0x11,0x83,0x03,0x00,0x41,0x30,0xb0,0xf6,0x65,0x55,0x86,0xcf,0x84,0x20,0x3e,0x23,
    0x06,0x07,0x00,0x82,0x60,0x60,0xf5,0x4b,0xab,0x90,0x49,0x60,0x0f,0xaa,0xc8,0xc7,
    0xa2,0x20,0x3e,0xd6,0x04,0xf1,0xb1,0x40,0x90,0xcf,0x88,0xc1,0x01,0x80,0x20,0x18,
    0x58,0x22,0x23,0x2b,0x69,0x12,0x8c,0x18,0x18,0x00,0x08,0x82,0x01,0x45,0x32,0xb6,
    0x12,0xd8,0x1e,0x04,0xf1,0xb1,0x13,0x09,0xe2,0x33,0x62,0x70,0x00,0x20,0x08,0x06,
    0x96,0xc9,0xe8,0x4a,0xc0,0x06,0x23,0x06,0x07,0x00,0x82,0x60,0x60,0x9d,0xcc,0xad,
    0x0c,0x6b,0x60,0x42,0x10,0x9f,0x11,0x83,0x03,0x00,0x41,0x30,0xb0,0x52,0x26,0x57,
    0xe0,0x24,0xb0,0x6d,0x56,0xe4,0x63,0x5d,0x10,0x1f,0xcb,0x82,0xf8,0x58,0x20,0xc8,
    0x67,0xc4,0xe0,0x00,0x40,0x10,0x0c,0x2c,0x97,0xf1,0x95,0x3a,0x09,0x46,0x0c,0x0c,
    0x00,0x04,0xc1,0x80,0x82,0x19,0x71,0x09,0xec,0x14,0x82,0xf8,0xd8,0x8c,0x04,0xf1,
    0x19,0x31,0x38,0x00,0x10,0x04,0x03,0x4b,0x66,0xcc,0x25,0xc0,0x83,0x11,0x83,0x03,
    0x00,0x41,0x30,0xb0,0x66,0x66,0x5c,0x86,0x3b,0x30,0x21,0x88,0xcf,0x88,0xc1,0x01,
    0x80,0x20,0x18,0x58,0x35,0x53,0x2e,0x7c,0x12,0xd8,0x19,0xf8,0x8a,0x7c,0x2c,0x0d,
    0x82,0xf8,0x58,0x19,0x04,0xf1,0xb1,0x40,0x90,0xcf,0x88,0xc1,0x01,0x80,0x20,0x18,
    0x58,0x3a,0xa3,0x2e,0xa1,0x12,0x8c,0x18,0x18,0x00,0x08,0x82,0x01,0xc5,0x33,0xee,
    0x12,0xd8,0x2c,0x04,0xf1,0xb1,0x1f,0x09,0xe2,0x33,0x62,0x70,0x00,0x20,0x08,0x06,
    0x96,0xcf,0xc8,0x4b,0x40,0x0a,0x23,0x06,0x07,0x00,0x82,0x60,0x60,0xfd,0xcc,0xbb,
    0x0c,0xa3,0x60,0x42,0x10,0x9f,0x11,0x83,0x03,0x00,0x41,0x30,0xb0,0xc2,0x26,0x5e,
    0x50,0x25,0x30,0x3a,0x60,0xe0,0x63,0x70,0x10,0xc4,0xc7,0x02,0x41,0x3e,0x23,0x06,
    0x07,0x00,0x82,0x60,0x60,0x95,0x4d,0xbd,0xb0,0x4a,0x30,0x62,0x60,0x00,0x20,0x08,
    0x06,0xd4,0xd9,0xe4,0x4b,0x60,0xbe,0x10,0xc4,0xc7,0xd4,0x24,0x88,0xcf,0x88,0xc1,
    0x01,0x80,0x20,0x18,0x58,0x69,0xd3,0x2f,0xc1,0x2b,0x8c,0x18,0x1c,0x00,0x08,0x82,
    0x81,0xa5,0x36,0xfa,0x32,0xb8,0x82,0x09,0x41,0x7c,0x46,0x0c,0x0e,0x00,0x04,0xc1,
    0xc0,0x62,0x1b,0x7e,0x99,0x95,0xc0,0xfe,0x60,0x0c,0xe0,0x63,0x7b,0x10,0xc4,0xc7,
    0x02,0x41,0x3e,0x23,0x06,0x07,0x00,0x82,0x60,0x60,0xc1,0x0d,0xc8,0xdc,0x4a,0x30,
    0x62,0x60,0x00,0x20,0x08,0x06,0x94,0xdc,0x90,0x4c,0x60,0xe9,0x10,0xc4,0xc7,0xea,
    0x24,0x88,0xcf,0x88,0xc1,0x01,0x80,0x20,0x18,0x58,0x74,0x83,0x32,0x81,0x2e,0x8c,
    0x18,0x1c,0x00,0x08,0x82,0x81,0x55,0x37,0x25,0x33,0xe4,0x82,0x09,0x41,0x7c,0x46,
    0x0c,0x0e,0x00,0x04,0xc1,0xc0,0xba,0x9b,0x93,0xf1,0x95,0xc0,0x54,0x41,0x0f,0xe0,
    0x63,0xa6,0x10,0xc4,0xc7,0x02,0x41,0x3e,0x23,0x06,0x07,0x00,0x82,0x60,0x60,0xed,
    0xcd,0xca,0x88,0x4b,0x30,0x62,0x60,0x00,0x20,0x08,0x06,0x54,0xdf,0xbc,0x4c,0x60,
    0xf4,0x10,0xc4,0xc7,0x40,0x25,0x88,0xcf,0x88,0xc1,0x01,0x80,0x20,0x18,0x58,0x7f,
    0x33,0x33,0x41,0x39,0x8c,0x18,0x1c,0x00,0x08,0x82,0x81,0x05,0x3a,0x30,0x33,0x90,
    0x83,0x09,0x41,0x7c,0x46,0x0c,0x0e,0x00,0x04,0xc1,0xc0,0x12,0x1d,0x99,0x49,0x97,
    0xc0,0x6a,0x41,0x16,0xe0,0x63,0xb1,0x10,0xc4,0xc7,0x02,0x41,0x3e,0x23,0x06,0x07,
    0x00,0x82,0x60,0x60,0x99,0x8e,0xcd,0xb4,0x4b,0x30,0x62,0x60,0x00,0x20,0x08,0x06,
    0x14,0xea,0xe8,0x4c,0x60,0xff,0x10,0xc4,0xc7,0x56,0x25,0x88,0xcf,0x88,0xc1,0x01,
    0x80,0x20,0x18,0x58,0xaa,0xe3,0x33,0x01,0x3c,0x8c,0x18,0x1c,0x00,0x08,0x82,0x81,
    0xb5,0x3a,0x3b,0x33,0xbc,0x83,0x09,0x41,0x7c,0x46,0x0c,0x0e,0x00,0x04,0xc1,0xc0,
    0x6a,0x9d,0x9e,0xa1,0x97,0xc0,0xc4,0xa0,0x0d,0xe0,0x63,0x01,0x3e,0xd0,0xc7,0x82,
    0x9b,0x91,0x8f,0x69,0x7c,0x00,0x1f,0x0b,0xf6,0x81,0x3e,0x16,0xe4,0x8c,0x7c,0x4c,
    0x5a,0x05,0xf8,0x58,0xe0,0x0f,0xf4,0xb1,0x60,0x67,0xe4,0x63,0x8a,0x2e,0xc0,0xc7,
    0x82,0x90,0xa0,0x8f,0x05,0x3d,0x23,0x1f,0x3b,0x14,0xf8,0x58,0x50,0xc0,0xc7,0x82,
    0x01,0x3e,0xd6,0x0e,0x81,0x7c,0x2c,0x30,0x09,0xfa,0xcc,0x12,0x50,0x03,0x15,0x83,
    0x30,0xb1,0x98,0x64,0xc1,0x3d,0xc0,0x67,0xc4,0xe0,0x00,0x40,0x10,0x0c,0xac,0xf0,
    0x89,0x1b,0x9b,0xe8,0x87,0x11,0x83,0x03,0x00,0x41,0x30,0xb0,0xc4,0xc7,0x6e,0xc6,
    0x05,0x24,0x86,0x23,0x02,0x41,0xf9,0x66,0x19,0x2a,0x2b,0x30,0x61,0x80,0x8f,0x05,
    0x37,0x23,0x1f,0x23,0x8a,0xf8,0x58,0x90,0x33,0xf2,0x31,0x61,0x6e,0xe4,0x63,0x44,
    0x10,0x1f,0x5b,0x97,0x20,0x3e,0x26,0x16,0x3e,0x23,0x1f,0x0b,0x84,0xf8,0x58,0x30,
    0xc8,0x67,0xc4,0xe0,0x00,0x40,0x10,0x0c,0x2c,0xf7,0xf1,0x9b,0x9a,0x09,0x46,0x0c,
    0x0c,0x00,0x04,0xc1,0x80,0x82,0x1f,0xd1,0x09,0xec,0x2c,0x82,0xf8,0xd8,0xbc,0x04,
    0xf1,0x19,0x31,0x38,0x00,0x10,0x04,0x03,0x4b,0x7e,0x4c,0x27,0xc0,0x89,0x11,0x83,
    0x03,0x00,0x41,0x30,0xb0,0xe6,0x67,0x74,0x86,0x9b,0x30,0x21,0x88,0xcf,0x88,0xc1,
    0x01,0x80,0x20,0x18,0x58,0xf5,0x53,0x3a,0x3c,0x13,0x18,0x04,0x3a,0xf2,0x31,0x29,
    0x88,0x8f,0xe5,0x4b,0x10,0x1f,0x73,0x82,0xf8,0x58,0x20,0xc8,0x67,0xc4,0xe0,0x00,
    0x40,0x10,0x0c,0xac,0xfd,0x59,0x1d,0xb1,0x09,0x46,0x0c,0x0c,0x00,0x04,0xc1,0x80,
    0xea,0x9f,0xd7,0x09,0x8c,0x2e,0x82,0xf8,0x18,0xc8,0x04,0xf1,0x19,0x31,0x38,0x00,
    0x10,0x04,0x03,0xeb,0x7f,0x66,0x27,0x28,0x8b,0x11,0x83,0x03,0x00,0x41,0x30,0xb0,
    0x40,0x08,0x76,0x06,0xb2,0x30,0x21,0x88,0xcf,0x88,0xc1,0x01,0x80,0x20,0x18,0x58,
    0x22,0x24,0x3b,0x69,0x13,0x58,0xc7,0x3a,0xf2,0xb1,0x2f,0x88,0x8f,0x99,0x4c,0x10,
    0x1f,0xdb,0x82,0xf8,0x58,0x20,0xc8,0x67,0xc4,0xe0,0x00,0x40,0x10,0x0c,0x2c,0x14,
    0xc2,0x9d,0xb7,0x09,0x46,0x0c,0x0c,0x00,0x04,0xc1,0x80,0x52,0x21,0xde,0x09,0x2c,
    0x34,0x82,0xf8,0x58,0xcb,0x04,0xf1,0x19,0x31,0x38,0x00,0x10,0x04,0x03,0x8b,0x85,
    0xc0,0x27,0x90,0x8b,0x11,0x83,0x03,0x00,0x41,0x30,0xb0,0x5a,0xa8,0x77,0x86,0xb8,
    0x30,0x21,0x88,0xcf,0x88,0xc1,0x01,0x80,0x20,0x18,0x58,0x2f,0xf4,0x3b,0x76,0x13,
    0x98,0x1a,0xe0,0x8e,0x7c,0x8c,0x0d,0x82,0xf8,0xd8,0xcc,0x04,0xf1,0x31,0x34,0x08,
    0xe2,0x63,0x81,0x20,0x9f,0x11,0x83,0x03,0x00,0x41,0x30,0xb0,0x6a,0xa8,0x7c,0xf8,
    0x26,0x18,0x31,0x30,0x00,0x10,0x04,0x03,0xea,0x86,0xd2,0x27,0x30,0xd7,0x08,0xe2,
    0x63,0x3a,0x13,0xc4,0x67,0xc4,0xe0,0x00,0x40,0x10,0x0c,0xac,0x1c,0x6a,0x9f,0xe0,
    0x2f,0x46,0x0c,0x0e,0x00,0x04,0xc1,0xc0,0xd2,0x21,0xf5,0x19,0xfc,0xc2,0x84,0x20,
    0x3e,0x23,0x06,0x07,0x00,0x82,0x60,0x60,0xf1,0x10,0xfb,0x8c,0x4e,0x60,0x3e,0xd3,
    0xc4,0xc7,0x82,0x3c,0x88,0x8f,0xd1,0x41,0x10,0x1f,0x0b,0x04,0xf9,0x8c,0x18,0x1c,
    0x00,0x08,0x82,0x81,0x15,0x46,0xf1,0x83,0x3a,0xc1,0x88,0x81,0x01,0x80,0x20,0x18,
    0x50,0x63,0x54,0x3f,0x81,0xe9,0x46,0x10,0x1f,0x33,0x9b,0x20,0x3e,0x23,0x06,0x07,
    0x00,0x82,0x60,0x60,0x95,0x51,0xfe,0x04,0xab,0x31,0x62,0x70,0x00,0x20,0x08,0x06,
    0x96,0x19,0xd9,0xcf,0xa0,0x1a,0x26,0x04,0xf1,0x19,0x31,0x38,0x00,0x10,0x04,0x03,
    0x0b,0x8d,0xf0,0xe7,0x75,0x02,0x53,0x1b,0x33,0x88,0x8f,0x05,0xa5,0x10,0x1f,0x03,
    0x85,0x20,0x3e,0x16,0x08,0xf2,0x19,0x31,0x38,0x00,0x10,0x04,0x03,0xab,0x8d,0xfa,
    0x87,0x76,0x82,0x11,0x03,0x03,0x00,0x41,0x30,0xa0,0xde,0x28,0x84,0x02,0x33,0x8f,
    0x20,0x3e,0x26,0x37,0x41,0x7c,0x46,0x0c,0x0e,0x00,0x04,0xc1,0xc0,0x8a,0xa3,0x12,
    0x0a,0x6e,0x63,0xc4,0xe0,0x00,0x40,0x10,0x0c,0x2c,0x39,0x12,0xa1,0xc1,0x36,0x4c,
    0x08,0xe2,0x33,0x62,0x70,0x00,0x20,0x08,0x06,0x16,0x1d,0x91,0xd0,0xee,0x04,0x66,
    0x37,0x7f,0x10,0x1f,0x0b,0x62,0x21,0x3e,0xc6,0x0a,0x41,0x7c,0x2c,0x10,0xe4,0x33,
    0x62,0x70,0x00,0x20,0x08,0x06,0x56,0x1e,0xa5,0x10,0xf8,0x04,0x23,0x06,0x06,0x00,
    0x82,0x60,0x40,0xed,0x51,0x0b,0x05,0x26,0x1f,0x41,0x7c,0xcc,0x6f,0x82,0xf8,0x8c,
    0x18,0x1c,0x00,0x08,0x82,0x81,0xd5,0x47,0x31,0x14,0x8c,0xc7,0x88,0xc1,0x01,0x80,
    0x20,0x18,0x58,0x7e,0xe4,0x42,0x83,0x78,0x98,0x10,0xc4,0x67,0xc4,0xe0,0x00,0x40,
    0x10,0x0c,0x2c,0x50,0x82,0xa1,0xf3,0x09,0x4c,0x74,0x72,0x21,0x3e,0x16,0xf4,0x42,
    0x7c,0x0c,0x17,0x82,0xf8,0x58,0x20,0xc8,0x67,0xc4,0xe0,0x00,0x40,0x10,0x0c,0xac,
    0x52,0xaa,0x21,0xf6,0x09,0x46,0x0c,0x0c,0x00,0x04,0xc1,0x80,0x3a,0xa5,0x1c,0x0a,
    0xcc,0x3f,0x82,0xf8,0x98,0xea,0x04,0xf1,0x19,0x31,0x38,0x00,0x10,0x04,0x03,0x2b,
    0x95,0x7a,0x28,0x78,0x8f,0x11,0x83,0x03,0x00,0x41,0x30,0xb0,0x54,0x49,0x87,0x06,
    0xf7,0x30,0x21,0x88,0xcf,0x88,0xc1,0x01,0x80,0x20,0x18,0x58,0xac,0xc4,0x43,0xf3,
    0x13,0x58,0x19,0xc4,0x01,0x7c,0x2c,0xb8,0x0f,0xfa,0x58,0x60,0x43,0xf2,0x31,0x2e,
    0x14,0xe0,0x63,0x81,0x7e,0xd0,0xc7,0x02,0x1c,0x92,0x8f,0x4d,0xb1,0x00,0x1f,0x0b,
    0xfa,0x83,0x3e,0x16,0xe8,0x90,0x7c,0x4c,0x09,0x07,0xf8,0x58,0x00,0x22,0xf4,0xb1,
    0x80,0x87,0xe4,0x63,0x87,0x02,0x1f,0x0b,0x0a,0xf8,0x58,0x30,0xc0,0xc7,0xea,0x21,
    0x90,0x8f,0x05,0x25,0x42,0x9f,0x59,0x02,0x6b,0xa0,0x62,0x10,0x2a,0x15,0x0c,0x28,
    0xfb,0x87,0x00,0x3e,0xb3,0x04,0x5d,0x89,0x0f,0x8f,0xc4,0x88,0xc1,0x01,0x80,0x20,
    0x18,0x58,0xe1,0x54,0x47,0x3d,0x12,0xd4,0x0c,0x05,0x51,0xe4,0xe3,0x23,0x31,0x62,
    0x70,0x00,0x20,0x08,0x06,0x16,0x39,0xe1,0xd1,0x8f,0x04,0x65,0x43,0x41,0x18,0xfa,
    0x14,0xf1,0xb1,0x60,0x7d,0xe8,0x33,0x62,0x60,0x00,0x20,0x08,0x06,0x54,0x3a,0x85,
    0x53,0x60,0xc1,0x0c,0xc9,0xc7,0x02,0x19,0x82,0x8f,0xcd,0x50,0x40,0x1f,0x0b,0x6e,
    0x48,0x3e,0x16,0xe4,0x10,0x7c,0x2c,0x18,0xe4,0x63,0x01,0x0f,0xc1,0xc7,0x82,0x42,
    0x3e,0x16,0xfc,0x10,0x7c,0x2c,0x38,0xe4,0x63,0x81,0x18,0xc1,0xc7,0x18,0x46,0x3e,
    0x16,0xf8,0x90,0x7c,0x46,0x0c,0x0c,0x00,0x04,0xc1,0x80,0xba,0xa7,0x53,0x0a,0x8c,
    0x39,0x23,0xf9,0x58,0x20,0xc8,0xc7,0x02,0x43,0x3e,0xc3,0x11,0x53,0x18,0x0d,0x9f,
    0x8d,0x91,0x10,0x9f,0xe9,0x86,0x60,0x10,0x6c,0x0b,0x21,0xfa,0x8c,0x18,0x18,0x00,
    0x08,0x82,0x01,0xf5,0x4f,0xf7,0x14,0x58,0x90,0x46,0xf2,0xb1,0x00,0x8d,0xe0,0x63,
    0x69,0x14,0xd0,0xc7,0x82,0x36,0x92,0x8f,0x05,0x6f,0x04,0x1f,0x0b,0x06,0xf9,0x58,
    0x20,0x47,0xf0,0xb1,0xa0,0x90,0x8f,0x05,0x75,0x04,0x1f,0x0b,0x0e,0xf9,0x58,0x80,
    0x47,0xf0,0x31,0x86,0x91,0x8f,0x05,0x74,0x24,0x9f,0x11,0x03,0x03,0x00,0x41,0x30,
    0xa0,0x5a,0xaa,0x97,0x02,0x63,0xfa,0x48,0x3e,0x16,0x08,0xf2,0xb1,0xc0,0x90,0xcf,
    0x70,0xc4,0x74,0x47,0xc3,0x67,0x79,0x24,0xc4,0x67,0xba,0x21,0x18,0x04,0xbb,0x82,
    0xf8,0x8c,0x18,0x1c,0x00,0x08,0x82,0x81,0x45,0x53,0xe4,0xb4,0x47,0x41,0xa9,0x4a,
    0x1c,0x44,0x05,0x3a,0x44,0x23,0x06,0x06,0x00,0x82,0x60,0x40,0xe1,0x14,0x4c,0x05,
    0x16,0x88,0x92,0x7c,0x2c,0x08,0x25,0xf8,0x98,0x28,0x05,0xf4,0xb1,0xc0,0x94,0xe4,
    0x63,0x01,0x2a,0xc1,0xc7,0x82,0x41,0x3e,0x16,0xac,0x12,0x7c,0x2c,0x28,0xe4,0x63,
    0x81,0x2b,0xc1,0xc7,0x82,0x43,0x3e,0x16,0xc4,0x12,0x7c,0x8c,0x61,0xe4,0x63,0x41,
    0x2b,0xc9,0x67,0xc4,0xc0,0x00,0x40,0x10,0x0c,0x28,0xb3,0xb2,0xa7,0xc0,0x18,0x5b,
    0x92,0x8f,0x05,0x82,0x7c,0x2c,0x30,0xe4,0x33,0x1c,0x31,0xc1,0xd2,0xf0,0x99,0x2c,
    0x09,0xf1,0x99,0x6e,0x08,0x06,0xa1,0xc6,0x05,0x15,0xa2,0x82,0x38,0xa2,0x11,0x03,
    0x03,0x00,0x41,0x30,0xa0,0xde,0xea,0xac,0x02,0x0b,0x72,0x49,0x3e,0x16,0xe0,0x12,
    0x7c,0x2c,0x97,0x02,0xfa,0x58,0xd0,0x4b,0xf2,0xb1,0xe0,0x97,0xe0,0x63,0xc1,0x20,
    0x1f,0x0b,0xc4,0x09,0x3e,0x16,0x14,0xf2,0xb1,0xa0,0x9c,0xe0,0x63,0xc1,0x21,0x1f,
    0x0b,0xd0,0x09,0x3e,0xc6,0x30,0xf2,0xb1,0x80,0x9c,0xe4,0x33,0x62,0x60,0x00,0x20,
    0x08,0x06,0x54,0x5f,0xb5,0x54,0x60,0x4c,0x3b,0xc9,0xc7,0x02,0x41,0x3e,0x16,0x18,
    0xf2,0x19,0x8e,0x98,0xce,0x69,0xf8,0x2c,0x9d,0x84,0xf8,0x4c,0x37,0x04,0x83,0x60,
    0x58,0x10,0x9f,0x11,0x83,0x03,0x00,0x41,0x30,0xb0,0x48,0x8b,0xa6,0xd6,0x29,0xb0,
    0x20,0x0e,0xe4,0x33,0xcb,0x80,0x75,0xfa,0x52,0xed,0x24,0x0e,0x51,0xc1,0x2a,0xd1,
    0x88,0xc1,0x01,0x80,0x20,0x18,0x58,0xa8,0x85,0x53,0xc1,0x4a,0x8d,0x18,0x1c,0x00,
    0x08,0x82,0x81,0x95,0x5a,0x3d,0xc5,0xad,0xd4,0x70,0x43,0x20,0x28,0xb3,0x0c,0x99,
    0x16,0x98,0x30,0xc0,0xc7,0x02,0x7f,0x92,0x8f,0x11,0x45,0x7c,0xaa,0x64,0xda,0x21,
    0x2a,0x30,0x99,0x28,0x21,0x88,0x42,0x99,0x20,0x0a,0x1e,0x86,0xa8,0x40,0x80,0x42,
    0x83,0x95,0x89,0x4a,0x83,0x20,0xaa,0x65,0x82,0x28,0x79,0x18,0xa2,0x02,0x01,0x0a,
    0x66,0x60,0x46,0x8a,0x61,0xa4,0xde,0xe0,0x0d,0xa4,0x06,0x21,0x2a,0x10,0xa2,0x6a,
    0x86,0xad,0xa4,0x02,0x9b,0x89,0x12,0x82,0x28,0x9c,0x09,0xa2,0x04,0x41,0x2a,0x50,
    0xa2,0x88,0x41,0x4a,0x08,0xa0,0x84,0x00,0xca,0x30,0xa4,0x02,0x01,0x6a,0xbb,0x2b,
    0xa9,0x80,0x8b,0x12,0x82,0x28,0x2f,0x88,0x12,0x04,0xa9,0x80,0x8a,0x22,0x06,0x29,
    0x21,0x80,0x12,0x02,0x28,0xc3,0x90,0x0a,0x04,0x28,0x26,0x88,0x4a,0x85,0xd1,0x92,
    0x0a,0x54,0x21,0x4a,0x08,0xa2,0x58,0x21,0x88,0x12,0x04,0xa9,0xe0,0x8b,0x22,0x06,
    0x29,0x21,0x80,0x12,0x02,0x28,0xc3,0x90,0x0a,0x04,0x28,0x26,0x88,0x9a,0x03,0xba,
    0x92,0x0a,0xde,0x40,0x6a,0x08,0xa2,0x70,0xe1,0xae,0xa4,0x82,0x36,0x90,0x1a,0x82,
    0x28,0x3a,0xa0,0x03,0x29,0x21,0x88,0x8a,0x83,0x38,0x90,0x12,0x82,0x28,0xbe,0x8a,
    0x83,0x28,0x38,0x98,0x83,0xa8,0x38,0x08,0xa2,0xea,0x20,0x88,0x22,0x86,0xa8,0x40,
    0x80,0x0a,0x0e,0xa8,0xd1,0xba,0x83,0x28,0x3b,0xb8,0x83,0xa8,0x3b,0x08,0xa2,0xf2,
    0x20,0x88,0x22,0x86,0xa8,0x40,0x80,0x0a,0x0e,0xb0,0x80,0x0f,0xe0,0x63,0xad,0xb0,
    0x5b,0xf2,0xb1,0x57,0x08,0xe2,0x63,0x01,0x58,0xc9,0xc7,0x68,0x07,0xb6,0xe4,0x63,
    0x81,0x5e,0xc4,0xc7,0x82,0xbd,0x90,0x8f,0x71,0x44,0x7c,0x2c,0x28,0xe4,0x63,0xc1,
    0x00,0x9f,0x11,0x83,0x03,0x00,0x41,0x30,0xb0,0xc6,0x6c,0xbe,0x54,0x2b,0x18,0x31,
    0x30,0x00,0x10,0x04,0x03,0xaa,0xcc,0xee,0x2b,0xb0,0xe0,0x16,0xe0,0x63,0x8a,0x18,
    0xc8,0xc7,0x02,0x07,0x3e,0xc6,0x30,0xf2,0x31,0x21,0x88,0xcf,0x70,0x44,0x6a,0x84,
    0x0f,0xf1,0x0d,0x47,0x18,0xb2,0x25,0x7c,0x25,0x04,0x6a,0x04,0x42,0x1f,0x6b,0x8d,
    0xf2,0x89,0x8f,0x2d,0x01,0x7c,0xa6,0x1b,0x86,0x80,0xb0,0xb9,0x42,0x9f,0xf8,0x58,
    0x10,0x1b,0xf1,0xb1,0x27,0x80,0x8f,0x05,0x78,0x45,0x9f,0x11,0x03,0x03,0x00,0x41,
    0x30,0xa0,0xec,0xcc,0xcd,0x02,0x0b,0xc0,0x4b,0x3e,0x16,0xfc,0x16,0x7c,0x0c,0xbc,
    0x02,0xfa,0x58,0x40,0x5e,0xf2,0xb1,0xc0,0xbc,0xe0,0x63,0xc1,0x20,0x1f,0x0b,0xd2,
    0x0b,0x3e,0x16,0x14,0xf2,0xb1,0x80,0xbd,0xe0,0x63,0xc1,0x21,0x1f,0x0b,0xde,0x0b,
    0x3e,0xc6,0x30,0xf2,0xb1,0x60,0xbd,0xe4,0x33,0x62,0x60,0x00,0x20,0x08,0x06,0x14,
    0xa9,0xd1,0x58,0x60,0x0c,0x7d,0xc9,0xc7,0x02,0x41,0x3e,0x16,0x18,0xf2,0x19,0x8e,
    0x98,0xdc,0x6b,0xf8,0x0c,0xbe,0x84,0xf8,0x4c,0x37,0x04,0x83,0x60,0xfb,0xa5,0xc5,
    0xc7,0x82,0xd7,0xa2,0xcf,0x88,0x81,0x01,0x80,0x20,0x18,0x50,0xad,0x56,0x6a,0x81,
    0x05,0xf7,0x25,0x1f,0x0b,0xec,0x0b,0x3e,0x76,0x5f,0x01,0x7d,0x2c,0xd8,0x2f,0xf9,
    0x58,0xd0,0x5f,0xf0,0xb1,0x60,0x90,0x8f,0x05,0x20,0x06,0x1f,0x0b,0x0a,0xf9,0x58,
    0x30,0x62,0xf0,0xb1,0xe0,0x90,0x8f,0x05,0x26,0x06,0x1f,0x63,0x18,0xf9,0x58,0x20,
    0x62,0xf2,0x19,0x31,0x30,0x00,0x10,0x04,0x03,0x6a,0xd7,0xd6,0x2c,0x30,0x66,0xc5,
    0xe4,0x63,0x81,0x20,0x1f,0x0b,0x0c,0xf9,0x0c,0x47,0x4c,0x25,0x36,0x7c,0x76,0x62,
    0x42,0x7c,0xa6,0x1b,0x82,0x41,0x30,0x2c,0x88,0xcf,0x88,0xc1,0x01,0x80,0x20,0x18,
    0x58,0xe2,0x26,0x67,0x29,0x16,0x18,0x2a,0xa0,0x82,0x7c,0x2c,0x68,0x31,0xf9,0x8c,
    0x18,0x18,0x00,0x08,0x82,0x01,0x65,0x6e,0x76,0x16,0x58,0x40,0xc8,0xc7,0x74,0xe2,
    0xcc,0xe4,0x63,0x3c,0x11,0xc4,0xc7,0x82,0xf6,0x92,0x8f,0x99,0x43,0x10,0x1f,0x0b,
    0x04,0xf9,0x58,0xd0,0x0a,0xf0,0x19,0x31,0x38,0x00,0x10,0x04,0x03,0xab,0xdd,0xfa,
    0x8c,0xc6,0x82,0x11,0x03,0x03,0x00,0x41,0x30,0xa0,0xde,0x2d,0xd4,0x02,0x0b,0xc2,
    0x02,0x3e,0x76,0xb0,0x83,0x7c,0x2c,0xc0,0x05,0xf8,0x58,0x92,0xc8,0xc7,0x84,0x20,
    0x3e,0xc3,0x11,0xc5,0x8e,0x09,0x5f,0xad,0x42,0xa0,0x36,0x1c,0xf4,0xb1,0x24,0x15,
    0xe0,0x33,0xdd,0x20,0x04,0x83,0x2d,0xa7,0x00,0x1f,0x0b,0xfc,0x8b,0x3e,0x23,0x06,
    0x06,0x00,0x82,0x60,0x40,0xf1,0x1b,0xbd,0x05,0x16,0x98,0x99,0x7c,0x2c,0x28,0x33,
    0xf8,0x98,0x99,0x05,0xf4,0xb1,0x40,0xcd,0xe4,0x63,0x01,0x9b,0xc1,0xc7,0x82,0x41,
    0x3e,0x16,0xbc,0x19,0x7c,0x2c,0x28,0xe4,0x63,0x81,0x9c,0xc1,0xc7,0x82,0x43,0x3e,
    0x16,0xd4,0x19,0x7c,0x8c,0x61,0xe4,0x63,0x41,0x9c,0xc9,0x67,0xc4,0xc0,0x00,0x40,
    0x10,0x0c,0x28,0x95,0xd3,0xb5,0xc0,0x18,0x3d,0x93,0x8f,0x05,0x82,0x7c,0x2c,0x30,
    0xe4,0x33,0x1c,0x31,0xd1,0xd9,0xf0,0x99,0x9d,0x09,0xf1,0x99,0x6e,0x08,0x06,0xc1,
    0x42,0x0d,0x8b,0x8f,0x05,0x35,0x46,0x9f,0x11,0x03,0x03,0x00,0x41,0x30,0xa0,0x66,
    0x6e,0xe5,0x02,0x0b,0xfa,0x4c,0x3e,0x16,0xf0,0x19,0x7c,0xac,0xcf,0x02,0xfa,0x58,
    0x10,0x6a,0xf2,0xb1,0x60,0xd4,0xe0,0x63,0xc1,0x20,0x1f,0x0b,0x4c,0x0d,0x3e,0x16,
    0x14,0xf2,0xb1,0x20,0xd5,0xe0,0x63,0xc1,0x21,0x1f,0x0b,0x58,0x0d,0x3e,0xc6,0x30,
    0xf2,0xb1,0x00,0xd5,0xe4,0x33,0x62,0x60,0x00,0x20,0x08,0x06,0x54,0xd8,0xc5,0x5b,
    0x60,0x4c,0xac,0xc9,0xc7,0x02,0x41,0x3e,0x16,0x18,0xf2,0x19,0x8e,0x98,0x56,0x6d,
    0xf8,0xac,0xd5,0x84,0xf8,0x4c,0x37,0x04,0x83,0x60,0x58,0x10,0x9f,0x11,0x83,0x03,
    0x00,0x41,0x30,0xb0,0xd0,0x0e,0xdf,0x5e,0x2d,0xb0,0x50,0x08,0x05,0xf9,0x58,0x30,
    0x6b,0xf2,0x19,0x31,0x30,0x00,0x10,0x04,0x03,0x8a,0xed,0xf8,0x2d,0xb0,0x80,0x90,
    0x8f,0x81,0x07,0xbb,0xc9,0xc7,0xc4,0x23,0x88,0x8f,0x05,0x73,0x26,0x1f,0x63,0x8b,
    0x20,0x3e,0x16,0x08,0xf2,0xb1,0x60,0x26,0xe0,0x33,0x62,0x70,0x00,0x20,0x08,0x06,
    0xd6,0xdc,0x8d,0x9c,0xae,0x05,0x23,0x06,0x06,0x00,0x82,0x60,0x40,0xd5,0xdd,0xc9,
    0x05,0x16,0x9c,0x07,0x7c,0xec,0x90,0x0b,0xf9,0x58,0xe0,0x13,0xf0,0xb1,0x24,0x91,
    0x8f,0x09,0x41,0x7c,0x86,0x23,0x8a,0x70,0x13,0xbe,0x8a,0x89,0x40,0x6d,0x38,0xe8,
    0x63,0xc9,0x4b,0xc0,0x67,0xba,0x41,0x08,0x06,0x5b,0x5a,0x02,0x3e,0x16,0x90,0x1a,
    0x7d,0x46,0x0c,0x0c,0x00,0x04,0xc1,0x80,0x12,0x3d,0xbd,0x0b,0x2c,0x60,0x37,0xf9,
    0x58,0xb0,0x6e,0xf0,0x31,0x76,0x0b,0xe8,0x63,0x01,0xbc,0xc9,0xc7,0x02,0x79,0x83,
    0x8f,0x05,0x83,0x7c,0x2c,0xa8,0x37,0xf8,0x58,0x50,0xc8,0xc7,0x02,0x7c,0x83,0x8f,
    0x05,0x87,0x7c,0x2c,0xd8,0x37,0xf8,0x18,0xc3,0xc8,0xc7,0x82,0x7b,0x93,0xcf,0x88,
    0x81,0x01,0x80,0x20,0x18,0x50,0xb0,0x07,0x76,0x81,0x31,0x20,0x27,0x1f,0x0b,0x04,
    0xf9,0x58,0x60,0xc8,0x67,0x38,0x62,0xd2,0xb7,0xe1,0x33,0x7e,0x13,0xe2,0x33,0xdd,
    0x10,0x0c,0x82,0x9d,0x1c,0x16,0x1f,0x0b,0x76,0x8d,0x3e,0x23,0x06,0x06,0x00,0x82,
    0x60,0x40,0xe5,0x5e,0xec,0x05,0x16,0x8c,0x9c,0x7c,0x2c,0x10,0x39,0xf8,0xd8,0xc8,
    0x05,0xf4,0xb1,0xe0,0xe4,0xe4,0x63,0x41,0xca,0xc1,0xc7,0x82,0x41,0x3e,0x16,0xb0,
    0x1c,0x7c,0x2c,0x28,0xe4,0x63,0xc1,0xcb,0xc1,0xc7,0x82,0x43,0x3e,0x16,0xc8,0x1c,
    0x7c,0x8c,0x61,0xe4,0x63,0x81,0xcb,0xc9,0x67,0xc4,0xc0,0x00,0x40,0x10,0x0c,0xa8,
    0xf3,0xbb,0xbb,0xc0,0x98,0x9b,0x93,0x8f,0x05,0x82,0x7c,0x2c,0x30,0xe4,0x33,0x1c,
    0x31,0xc5,0xdc,0xf0,0xd9,0xcc,0x09,0xf1,0x99,0x6e,0x08,0x06,0xc1,0xb0,0x20,0x3e,
    0x23,0x06,0x07,0x00,0x82,0x60,0x60,0xb9,0x9f,0xdf,0xd5,0x5c,0x60,0xa1,0x10,0x0a,
    0xf2,0xb1,0x20,0xe7,0xe4,0x33,0x62,0x60,0x00,0x20,0x08,0x06,0x94,0xfc,0x89,0x5e,
    0x60,0x01,0x21,0x1f,0x33,0x93,0xb8,0x93,0x8f,0xa1,0x49,0x10,0x1f,0x0b,0xf2,0x4d,
    0x3e,0x26,0x1f,0x41,0x7c,0x2c,0x10,0xe4,0x63,0x41,0x6e,0xc0,0x67,0xc4,0xe0,0x00,
    0x40,0x10,0x0c,0xac,0xfc,0x4b,0x3d,0xb0,0x0b,0x46,0x0c,0x0c,0x00,0x04,0xc1,0x80,
    0xda,0xbf,0xd6,0x0b,0x2c,0x68,0x13,0xf8,0xd8,0x81,0x1f,0xf2,0xb1,0x80,0x3c,0xe0,
    0x63,0x49,0x22,0x1f,0x13,0x82,0xf8,0x0c,0x47,0x14,0x67,0x27,0x7c,0x75,0x1b,0x81,
    0xda,0x70,0xd0,0xc7,0x92,0xda,0x80,0xcf,0x74,0x83,0x10,0x0c,0xb6,0xcc,0x06,0x7c,
    0x2c,0x50,0x39,0xfa,0x8c,0x18,0x18,0x00,0x08,0x82,0x01,0x85,0x82,0x01,0x08,0x06,
    0x81,0x05,0x72,0x27,0x1f,0x0b,0xe2,0x0e,0x3e,0x26,0x77,0x01,0x7d,0x2c,0xb0,0x3b,
    0xf9,0x58,0x80,0x77,0xf0,0xb1,0x60,0x90,0x8f,0x05,0x7b,0x07,0x1f,0x0b,0x0a,0xf9,
    0x58,0xe0,0x77,0xf0,0xb1,0xe0,0x90,0x8f,0x05,0xa1,0x07,0x1f,0x63,0x18,0xf9,0x58,
    0xd0,0x77,0xf2,0x19,0x31,0x30,0x00,0x10,0x04,0x03,0xca,0x06,0x03,0xf3,0x0b,0x8c,
    0x31,0x3d,0xf9,0x58,0x20,0xc8,0xc7,0x02,0x43,0x3e,0xc3,0x11,0x13,0xe8,0x0d,0x9f,
    0x89,0x9e,0x10,0x9f,0xe9,0x86,0x60,0x10,0xac,0xf5,0xb0,0xf8,0x58,0x10,0x76,0xf4,
    0x19,0x31,0x30,0x00,0x10,0x04,0x03,0xea,0x07,0x83,0x1b,0x0c,0x02,0x0b,0x52,0x4f,
    0x3e,0x16,0xa0,0x1e,0x7c,0x2c,0xf5,0x02,0xfa,0x58,0xd0,0x7a,0xf2,0xb1,0xe0,0xf5,
    0xe0,0x63,0xc1,0x20,0x1f,0x0b,0x64,0x0f,0x3e,0x16,0x14,0xf2,0xb1,0xa0,0xf6,0xe0,
    0x63,0xc1,0x21,0x1f,0x0b,0x70,0x0f,0x3e,0xc6,0x30,0xf2,0xb1,0x80,0xf6,0xe4,0x33,
    0x62,0x60,0x00,0x20,0x08,0x06,0x54,0x1b,0x06,0xfd,0x17,0x18,0xd3,0x7b,0xf2,0xb1,
    0x40,0x90,0x8f,0x05,0x86,0x7c,0x86,0x23,0xa6,0xdb,0x1b,0x3e,0xcb,0x3d,0x21,0x3e,
    0xd3,0x0d,0xc1,0x20,0x18,0x16,0xc4,0x67,0xc4,0xe0,0x00,0x40,0x10,0x0c,0x2c,0x3a,
    0x0c,0x48,0x30,0xd8,0xbd,0xc0,0x42,0x21,0x14,0xe4,0x63,0xc1,0xef,0xc9,0x67,0xc4,
    0xc0,0x00,0x40,0x10,0x0c,0x28,0x3c,0x0c,0x50,0x30,0x08,0x2c,0x20,0xe4,0x63,0xec,
    0x62,0x7f,0xf2,0x31,0x77,0x09,0xe2,0x63,0xc1,0xdf,0xc9,0xc7,0xf0,0x24,0x88,0x8f,
    0x05,0x82,0x7c,0x2c,0xf8,0x11,0xf8,0x8c,0x18,0x1c,0x00,0x08,0x82,0x81,0xf5,0x87,
    0xc1,0x0b,0x06,0xe6,0x17,0x8c,0x18,0x18,0x00,0x08,0x82,0x01,0x15,0x8a,0xc1,0x0c,
    0x06,0x81,0x05,0xf3,0x02,0x1f,0x3b,0xfc,0x44,0x3e,0x16,0xa8,0x09,0x7c,0x2c,0x49,
    0xe4,0x63,0x42,0x10,0x9f,0xe1,0x88,0xa2,0xfd,0x84,0xaf,0x7a,0x24,0x50,0x1b,0x0e,
    0xfa,0x58,0xb2,0x23,0xf0,0x99,0x6e,0x10,0x82,0xc1,0x96,0x1c,0x81,0x8f,0x05,0xb0,
    0x47,0x9f,0x11,0x03,0x03,0x00,0x41,0x30,0xa0,0x5c,0x31,0x30,0xc5,0x20,0xb0,0x00,
    0xff,0xe4,0x63,0xc1,0xfd,0xc1,0xc7,0xf0,0x2f,0xa0,0x8f,0x05,0xfc,0x27,0x1f,0x0b,
    0xfc,0x0f,0x3e,0x16,0x0c,0xf2,0xb1,0x20,0x04,0x03,0xf8,0x58,0x50,0xc8,0xc7,0x02,
    0x12,0x0c,0xe0,0x63,0xc1,0x21,0x1f,0x0b,0x4e,0x30,0x80,0x8f,0x31,0x8c,0x7c,0x2c,
    0x18,0xc1,0x40,0x3e,0x23,0x06,0x06,0x00,0x82,0x60,0x40,0xf1,0x62,0xc0,0x86,0x41,
    0x60,0x0c,0x0b,0x06,0xf2,0xb1,0x40,0x90,0x8f,0x05,0x86,0x7c,0x86,0x23,0x26,0x13,
    0x0c,0x86,0xcf,0x50,0x30,0x10,0xe2,0x33,0xdd,0x10,0x0c,0x82,0xcd,0x60,0x80,0xc5,
    0xc7,0x82,0xf3,0xa3,0xcf,0x88,0x81,0x01,0x80,0x20,0x18,0x50,0xe5,0x18,0xf4,0x62,
    0x10,0x58,0xf0,0x82,0x81,0x7c,0x2c,0x70,0xc1,0x00,0x3e,0xf6,0x82,0x41,0x40,0x1f,
    0x0b,0x66,0x30,0x90,0x8f,0x05,0x35,0x18,0xc0,0xc7,0x82,0x41,0x3e,0x16,0xe0,0x60,
    0x00,0x1f,0x0b,0x0a,0xf9,0x58,0xb0,0x83,0x01,0x7c,0x2c,0x38,0xe4,0x63,0x81,0x0f,
    0x06,0xf0,0x31,0x86,0x91,0x8f,0x05,0x3a,0x18,0xc8,0x67,0xc4,0xc0,0x00,0x40,0x10,
    0x0c,0xa8,0x79,0x0c,0x46,0x31,0x08,0x8c,0x19,0xc3,0x40,0x3e,0x16,0x08,0xf2,0xb1,
    0xc0,0x90,0xcf,0x70,0xc4,0xd4,0x83,0xc1,0xf0,0xd9,0x0f,0x06,0x42,0x7c,0xa6,0x1b,
    0x82,0x41,0x30,0x2c,0x88,0xcf,0x88,0xc1,0x01,0x80,0x20,0x18,0x58,0xfa,0x18,0xa8,
    0x62,0x10,0x86,0x41,0x60,0xa1,0x10,0x0a,0xf2,0xb1,0xa0,0x0c,0x03,0xf9,0x8c,0x18,
    0x18,0x00,0x08,0x82,0x01,0xe5,0x8f,0x81,0x2b,0x06,0x81,0x05,0x84,0x7c,0x4c,0x6e,
    0xf6,0x30,0x90,0x8f,0xd1,0x4d,0x10,0x1f,0x0b,0x4a,0x30,0x90,0x8f,0xf9,0x4b,0x10,
    0x1f,0x0b,0x04,0xf9,0x58,0x50,0x2e,0xf0,0x19,0x31,0x38,0x00,0x10,0x04,0x03,0xab,
    0x24,0x83,0x5a,0x0c,0xd8,0x30,0x08,0x46,0x0c,0x0c,0x00,0x04,0xc1,0x80,0x3a,0xc9,
    0x20,0x17,0x83,0xc0,0x82,0xbc,0x81,0x8f,0x1d,0x24,0x23,0x1f,0x0b,0xe0,0x05,0x3e,
    0x96,0x24,0xf2,0x31,0x21,0x88,0xcf,0x70,0x44,0x31,0x87,0x81,0xf0,0xd5,0xb8,0x04,
    0x6a,0xc3,0x41,0x1f,0x4b,0xc2,0x05,0x3e,0xd3,0x0d,0x42,0x30,0xd8,0xf2,0x2b,0xf0,
    0xb1,0xc0,0x06,0x03,0xfa,0x8c,0x18,0x18,0x00,0x08,0x82,0x01,0x45,0x93,0x01,0x4b,
    0x06,0x81,0x05,0x7e,0x18,0xc8,0xc7,0x82,0x3e,0x0c,0xe0,0x63,0x7e,0x18,0x04,0xf4,
    0xb1,0x40,0x14,0x03,0xf9,0x58,0x40,0x8a,0x01,0x7c,0x2c,0x18,0xe4,0x63,0xc1,0x29,
    0x06,0xf0,0xb1,0xa0,0x90,0x8f,0x05,0xaa,0x18,0xc0,0xc7,0x82,0x43,0x3e,0x16,0xb4,
    0x62,0x00,0x1f,0x63,0x18,0xf9,0x58,0x90,0x8a,0x81,0x7c,0x46,0x0c,0x0c,0x00,0x04,
    0xc1,0x80,0x12,0xcb,0x40,0x1e,0x83,0xc0,0x18,0x59,0x0c,0xe4,0x63,0x81,0x20,0x1f,
    0x0b,0x0c,0xf9,0x0c,0x47,0x4c,0xac,0x18,0x0c,0x9f,0xb9,0x62,0x20,0xc4,0x67,0xba,
    0x21,0x18,0x04,0xcb,0xc5,0x00,0x8b,0x8f,0x05,0x6d,0x18,0xd0,0x67,0xc4,0xc0,0x00,
    0x40,0x10,0x0c,0xa8,0xb5,0x0c,0xc6,0x32,0x08,0x2c,0xa8,0xc5,0x40,0x3e,0x16,0xd0,
    0x62,0x00,0x1f,0xab,0xc5,0x20,0xa0,0x8f,0x05,0xb9,0x18,0xc8,0xc7,0x82,0x5d,0x0c,
    0xe0,0x63,0xc1,0x20,0x1f,0x0b,0x7c,0x31,0x80,0x8f,0x05,0x85,0x7c,0x2c,0x08,0xc7,
    0x00,0x3e,0x16,0x1c,0xf2,0xb1,0x80,0x1c,0x03,0xf8,0x18,0xc3,0xc8,0xc7,0x02,0x70,
    0x0c,0xe4,0x33,0x62,0x60,0x00,0x20,0x08,0x06,0x54,0x5e,0x06,0x29,0x19,0x04,0xc6,
    0xa4,0x63,0x20,0x1f,0x0b,0x04,0xf9,0x58,0x60,0xc8,0x67,0x38,0x62,0x1a,0xc7,0x60,
    0xf8,0xac,0x1c,0x03,0x21,0x3e,0xd3,0x0d,0xc1,0x20,0x18,0x16,0xc4,0x67,0xc4,0xe0,
    0x00,0x40,0x10,0x0c,0x2c,0xd0,0x0c,0x60,0x32,0x38,0xc7,0x20,0xb0,0x50,0x08,0x05,
    0xf9,0x58,0xb0,0x8e,0x81,0x7c,0x46,0x0c,0x0c,0x00,0x04,0xc1,0x80,0x22,0xcd,0x80,
    0x26,0x83,0xc0,0x02,0x42,0x3e,0x96,0x3f,0xa6,0x00,0x1f,0x0b,0x54,0x31,0x90,0x8f,
    0x8d,0x4e,0x10,0x1f,0x0b,0x04,0xf9,0x58,0xa0,0x36,0xf0,0x19,0x31,0x38,0x00,0x10,
    0x04,0x03,0x4b,0x35,0x03,0x9d,0x0c,0xe2,0x31,0x08,0x46,0x0c,0x0c,0x00,0x04,0xc1,
    0x80,0x62,0xcd,0xc0,0x27,0x83,0xc0,0x02,0xff,0x81,0x8f,0x1d,0xa9,0x23,0x1f,0x0b,
    0xea,0x06,0x3e,0x96,0x24,0xf2,0x31,0x21,0x88,0xcf,0x70,0x44,0x81,0x8f,0x81,0xf0,
    0x15,0xda,0x04,0x6a,0xc3,0x41,0x1f,0x4b,0xcc,0x06,0x3e,0xd3,0x0d,0x42,0x30,0xd8,
    0x42,0x36,0xf0,0xb1,0x60,0x17,0x03,0xfa,0x8c,0x18,0x18,0x00,0x08,0x82,0x01,0x95,
    0x9b,0x41,0x6c,0x06,0x81,0x05,0x23,0x19,0xc8,0xc7,0x02,0x91,0x0c,0xe0,0x63,0x23,
    0x19,0x04,0xf4,0xb1,0xe0,0x24,0x03,0xf9,0x58,0x90,0x92,0x01,0x7c,0x2c,0x18,0xe4,
    0x63,0x01,0x4b,0x06,0xf0,0xb1,0xa0,0x90,0x8f,0x05,0x2f,0x19,0xc0,0xc7,0x82,0x43,
    0x3e,0x16,0xc8,0x64,0x00,0x1f,0x63,0x18,0xf9,0x58,0xe0,0x92,0x81,0x7c,0x46,0x0c,
    0x0c,0x00,0x04,0xc1,0x80,0x3a,0xcf,0xe0,0x2e,0x83,0xc0,0x98,0x9b,0x0c,0xe4,0x63,
    0x81,0x20,0x1f,0x0b,0x0c,0xf9,0x0c,0x47,0x4c,0x31,0x19,0x0c,0x9f,0xcd,0x64,0x20,
    0xc4,0x67,0xba,0x21,0x18,0x04,0xf3,0xc9,0x00,0x8b,0x8f,0x05,0xf2,0x18,0xd0,0x67,
    0xc4,0xc0,0x00,0x40,0x10,0x0c,0x28,0xf8,0x0c,0xd0,0x33,0x08,0x2c,0xd0,0xc9,0x40,
    0x3e,0x16,0xe4,0x64,0x00,0x1f,0xd3,0xc9,0x20,0xa0,0x8f,0x05,0x3e,0x19,0xc8,0xc7,
    0x02,0xb0,0x0c,0xe0,0x63,0xc1,0x20,0x1f,0x0b,0xc6,0x32,0x80,0x8f,0x05,0x85,0x7c,
    0x2c,0x30,0xcb,0x00,0x3e,0x16,0x1c,0xf2,0xb1,0x20,0x2d,0x03,0xf8,0x18,0xc3,0xc8,
    0xc7,0x82,0xb2,0x0c,0xe4,0x33,0x62,0x60,0x00,0x20,0x08,0x06,0x94,0x7f,0x06,0xae,
    0x19,0x04,0xc6,0xb8,0x65,0x20,0x1f,0x0b,0x04,0xf9,0x58,0x60,0xc8,0x67,0x38,0x62,
    0x42,0xcb,0x60,0xf8,0x4c,0x2d,0x03,0x21,0x3e,0xd3,0x0d,0xc1,0x20,0x18,0x16,0xc4,
    0x67,0xc4,0xe0,0x00,0x40,0x10,0x0c,0xac,0x12,0x0d,0x6a,0x33,0x60,0xcb,0x20,0xb0,
    0x50,0x08,0x05,0xf9,0x58,0x00,0x97,0x81,0x7c,0x46,0x0c,0x0c,0x00,0x04,0xc1,0x80,
    0x4a,0xd1,0x20,0x37,0x83,0xc0,0x02,0x42,0x3e,0xe6,0x47,0xb1,0x01,0x1f,0x0b,0x5e,
    0x32,0x90,0x8f,0xa1,0x50,0x10,0x1f,0x0b,0x04,0xf9,0x58,0xf0,0x3e,0xf0,0x19,0x31,
    0x38,0x00,0x10,0x04,0x03,0xeb,0x45,0x83,0xdf,0x0c,0xec,0x32,0x08,0x46,0x0c,0x0c,
    0x00,0x04,0xc1,0x80,0x8a,0xd1,0x60,0x3c,0x83,0xc0,0x82,0x51,0x82,0x8f,0x1d,0x2e,
    0x24,0x1f,0x0b,0xf4,0x07,0x3e,0x96,0x24,0xf2,0x31,0x21,0x88,0xcf,0x70,0x44,0xd1,
    0x97,0x81,0xf0,0x55,0xfb,0x04,0x6a,0xc3,0x41,0x1f,0x4b,0xd6,0x07,0x3e,0xd3,0x0d,
    0x42,0x30,0xd8,0x92,0x3e,0xf0,0xb1,0x00,0x2c,0x03,0xfa,0x8c,0x18,0x18,0x00,0x08,
    0x82,0x01,0xe5,0xa3,0x81,0x8d,0x06,0x81,0x05,0xa8,0x19,0xc8,0xc7,0x82,0xd3,0x0c,
    0xe0,0x63,0xa8,0x19,0x04,0xf4,0xb1,0x80,0x35,0x03,0xf9,0x58,0xe0,0x9a,0x01,0x7c,
    0x2c,0x18,0xe4,0x63,0x41,0x6c,0x06,0xf0,0xb1,0xa0,0x90,0x8f,0x05,0xb4,0x19,0xc0,
    0xc7,0x82,0x43,0x3e,0x16,0xdc,0x66,0x00,0x1f,0x63,0x18,0xf9,0x58,0x30,0x9b,0x81,
    0x7c,0x46,0x0c,0x0c,0x00,0x04,0xc1,0x80,0x62,0xd3,0x80,0x3f,0x83,0xc0,0x18,0xde,
    0x0c,0xe4,0x63,0x81,0x20,0x1f,0x0b,0x0c,0xf9,0x0c,0x47,0x4c,0xb6,0x19,0x0c,0x9f,
    0xe1,0x66,0x20,0xc4,0x67,0xba,0x21,0x18,0x04,0x1b,0xcf,0x00,0x8b,0x8f,0x05,0x77,
    0x19,0xd0,0x67,0xc4,0xc0,0x00,0x40,0x10,0x0c,0xa8,0x3a,0x0d,0xda,0x34,0x08,0x2c,
    0xf8,0xcd,0x40,0x3e,0x16,0xf8,0x66,0x00,0x1f,0xfb,0xcd,0x20,0xa0,0x8f,0x05,0xe3,
    0x19,0xc8,0xc7,0x82,0xf2,0x0c,0xe0,0x63,0xc1,0x20,0x1f,0x0b,0xd0,0x33,0x80,0x8f,
    0x05,0x85,0x7c,0x2c,0x58,0xcf,0x00,0x3e,0x16,0x1c,0xf2,0xb1,0xc0,0x3d,0x03,0xf8,
    0x18,0xc3,0xc8,0xc7,0x02,0xf5,0x0c,0xe4,0x33,0x62,0x60,0x00,0x20,0x08,0x06,0xd4,
    0xa8,0x06,0x33,0x1a,0x04,0xc6,0xcc,0x67,0x20,0x1f,0x0b,0x04,0xf9,0x58,0x60,0xc8,
    0x67,0x38,0x62,0x6a,0xcf,0x60,0xf8,0xec,0x3d,0x03,0x21,0x3e,0xd3,0x0d,0xc1,0x20,
    0x18,0x16,0xc4,0x67,0xc4,0xe0,0x00,0x40,0x10,0x0c,0x2c,0x55,0x0d,0x74,0x34,0x88,
    0xcf,0x20,0xb0,0x50,0x08,0x05,0xf9,0x58,0x50,0x9f,0x81,0x7c,0x46,0x0c,0x0c,0x00,
    0x04,0xc1,0x80,0x72,0xd5,0xc0,0x47,0x83,0xc0,0x02,0x42,0x3e,0x36,0x52,0xbc,0x02,
    0x1f,0x0b,0x68,0x33,0x90,0x8f,0xb5,0x52,0x10,0x1f,0x0b,0x04,0xf9,0x58,0x40,0x47,
    0xf0,0x19,0x31,0x38,0x00,0x10,0x04,0x03,0x8b,0x56,0x03,0x32,0x0d,0xf6,0x33,0x08,
    0x46,0x0c,0x0c,0x00,0x04,0xc1,0x80,0xb2,0xd5,0x00,0x4d,0x83,0xc0,0x02,0x94,0x82,
    0x8f,0x1d,0xb3,0x24,0x1f,0x0b,0xfe,0x08,0x3e,0x96,0x24,0xf2,0x31,0x21,0x88,0xcf,
    0x70,0x44,0x21,0xa2,0x81,0xf0,0x95,0x1c,0x05,0x6a,0xc3,0x41,0x1f,0x4b,0xe0,0x08,
    0x3e,0xd3,0x0d,0x42,0x30,0xd8,0xe2,0x46,0xf0,0xb1,0xa0,0x3c,0x03,0xfa,0x8c,0x18,
    0x18,0x00,0x08,0x82,0x01,0x35,0xae,0xc1,0xae,0x06,0x81,0x05,0x2d,0x1a,0xc8,0xc7,
    0x02,0x16,0x0d,0xe0,0x63,0x2d,0x1a,0x04,0xf4,0xb1,0x20,0x46,0x03,0xf9,0x58,0x30,
    0xa3,0x01,0x7c,0x2c,0x18,0xe4,0x63,0x81,0x8d,0x06,0xf0,0xb1,0xa0,0x90,0x8f,0x05,
    0x39,0x1a,0xc0,0xc7,0x82,0x43,0x3e,0x16,0xf0,0x68,0x00,0x1f,0x63,0x18,0xf9,0x58,
    0x80,0xa3,0x81,0x7c,0x46,0x0c,0x0c,0x00,0x04,0xc1,0x80,0x8a,0xd7,0x20,0x54,0x83,
    0xc0,0x98,0x30,0x0d,0xe4,0x63,0x81,0x20,0x1f,0x0b,0x0c,0xf9,0x0c,0x47,0x4c,0x3b,
    0x1a,0x0c,0x9f,0xf5,0x68,0x20,0xc4,0x67,0xba,0x21,0x18,0x04,0x43,0xd3,0x00,0x8b,
    0x8f,0x05,0xfc,0x19,0xd0,0x67,0xc4,0xc0,0x00,0x40,0x10,0x0c,0x28,0x7d,0x0d,0xe4,
    0x35,0x08,0x2c,0x20,0xd3,0x40,0x3e,0x16,0x8c,0x69,0x00,0x1f,0x23,0xd3,0x20,0xa0,
    0x8f,0x05,0x68,0x1a,0xc8,0xc7,0x02,0x35,0x0d,0xe0,0x63,0xc1,0x20,0x1f,0x0b,0xda,
    0x34,0x80,0x8f,0x05,0x85,0x7c,0x2c,0x80,0xd3,0x00,0x3e,0x16,0x1c,0xf2,0xb1,0x60,
    0x4e,0x03,0xf8,0x18,0xc3,0xc8,0xc7,0x82,0x37,0x0d,0xe4,0x33,0x62,0x60,0x00,0x20,
    0x08,0x06,0x14,0xca,0x06,0xb8,0x1a,0x04,0xc6,0xe0,0x69,0x20,0x1f,0x0b,0x04,0xf9,
    0x58,0x60,0xc8,0x67,0x38,0x62,0x92,0xd3,0x60,0xf8,0x8c,0x4e,0x03,0x21,0x3e,0xd3,
    0x0d,0xc1,0x20,0x18,0x16,0xc4,0x67,0xc4,0xe0,0x00,0x40,0x10,0x0c,0xac,0x97,0x0d,
    0x7e,0x35,0xb0,0xd3,0x20,0xb0,0x50,0x08,0x05,0xf9,0x58,0xa0,0xa7,0x81,0x7c,0x46,
    0x0c,0x0c,0x00,0x04,0xc1,0x80,0x9a,0xd9,0x60,0x5c,0x83,0xc0,0x02,0x42,0x3e,0x86,
    0x5a,0xe7,0x03,0x1f,0x0b,0x72,0x34,0x90,0x8f,0xc9,0x54,0x10,0x1f,0x0b,0x04,0xf9,
    0x58,0x90,0x4f,0xf0,0x19,0x31,0x38,0x00,0x10,0x04,0x03,0x2b,0x67,0x83,0x74,0x0d,
    0x40,0x35,0x08,0x46,0x0c,0x0c,0x00,0x04,0xc1,0x80,0xda,0xd9,0xa0,0x5d,0x83,0xc0,
    0x82,0xd6,0x82,0x8f,0x1d,0x38,0x25,0x1f,0x0b,0x48,0x0a,0x3e,0x96,0x24,0xf2,0x31,
    0x21,0x88,0xcf,0x70,0x44,0x71,0xaa,0x81,0xf0,0xd5,0x3d,0x05,0x6a,0xc3,0x41,0x1f,
    0x4b,0xea,0x09,0x3e,0xd3,0x0d,0x42,0x30,0xd8,0x32,0x4f,0xf0,0xb1,0x40,0x4d,0x03,
    0xfa,0x8c,0x18,0x18,0x00,0x08,0x82,0x01,0x85,0xb6,0x01,0xd8,0x06,0x81,0x05,0xb2,
    0x1a,0xc8,0xc7,0x82,0x58,0x0d,0xe0,0x63,0xb2,0x1a,0x04,0xf4,0xb1,0xc0,0x56,0x03,
    0xf9,0x58,0x80,0xab,0x01,0x7c,0x2c,0x18,0xe4,0x63,0xc1,0xae,0x06,0xf0,0xb1,0xa0,
    0x90,0x8f,0x05,0xbe,0x1a,0xc0,0xc7,0x82,0x43,0x3e,0x16,0x84,0x6b,0x00,0x1f,0x63,
    0x18,0xf9,0x58,0xd0,0xab,0x81,0x7c,0x46,0x0c,0x0c,0x00,0x04,0xc1,0x80,0xb2,0xdb,
    0xc0,0x64,0x83,0xc0,0x18,0x73,0x0d,0xe4,0x63,0x81,0x20,0x1f,0x0b,0x0c,0xf9,0x0c,
    0x47,0x4c,0xe0,0x1a,0x0c,0x9f,0x89,0x6b,0x20,0xc4,0x67,0xba,0x21,0x18,0x04,0x6b,
    0xd7,0x00,0x8b,0x8f,0x05,0xa1,0x1a,0xd0,0x67,0xc4,0xc0,0x00,0x40,0x10,0x0c,0xa8,
    0xbf,0x0d,0xee,0x36,0x08,0x2c,0x48,0xd7,0x40,0x3e,0x16,0xa0,0x6b,0x00,0x1f,0x4b,
    0xd7,0x20,0xa0,0x8f,0x05,0xed,0x1a,0xc8,0xc7,0x82,0x77,0x0d,0xe0,0x63,0xc1,0x20,
    0x1f,0x0b,0xe4,0x35,0x80,0x8f,0x05,0x85,0x7c,0x2c,0xa8,0xd7,0x00,0x3e,0x16,0x1c,
    0xf2,0xb1,0x00,0x5f,0x03,0xf8,0x18,0xc3,0xc8,0xc7,0x02,0x7a,0x0d,0xe4,0x33,0x62,
    0x60,0x00,0x20,0x08,0x06,0x54,0xeb,0x06,0x3d,0x1b,0x04,0xc6,0xf4,0x6b,0x20,0x1f,
    0x0b,0x04,0xf9,0x58,0x60,0xc8,0x67,0x38,0x62,0xba,0xd7,0x60,0xf8,0x2c,0x5f,0x03,
    0x21,0x3e,0xd3,0x0d,0xc1,0x20,0x18,0x16,0xc4,0x67,0xc4,0xe0,0x00,0x40,0x10,0x0c,
    0x2c,0xda,0x0d,0xc8,0x36,0xd8,0xd7,0x20,0xb0,0x50,0x08,0x05,0xf9,0x58,0xf0,0xaf,
    0x81,0x7c,0x46,0x0c,0x0c,0x00,0x04,0xc1,0x80,0xc2,0xdd,0x00,0x6d,0x83,0xc0,0x02,
    0x42,0x3e,0xd6,0x62,0xf2,0x04,0x1f,0x0b,0x7c,0x35,0x90,0x8f,0xdd,0x56,0x10,0x1f,
    0x0b,0x04,0xf9,0x58,0xe0,0x57,0xf0,0x19,0x31,0x38,0x00,0x10,0x04,0x03,0xcb,0x77,
    0x03,0xb7,0x0d,0x4a,0x36,0x08,0x46,0x0c,0x0c,0x00,0x04,0xc1,0x80,0x02,0xdf,0x40,
    0x6e,0x83,0xc0,0x02,0x19,0x83,0x8f,0x1d,0xbd,0x25,0x1f,0x0b,0x52,0x0b,0x3e,0x96,
    0x24,0xf2,0x31,0x21,0x88,0xcf,0x70,0x44,0xc1,0xb2,0x81,0xf0,0x15,0x5f,0x05,0x6a,
    0xc3,0x41,0x1f,0x4b,0xf4,0x0a,0x3e,0xd3,0x0d,0x42,0x30,0xd8,0x82,0x57,0xf0,0xb1,
    0xe0,0x5d,0x03,0xfa,0x8c,0x18,0x18,0x00,0x08,0x82,0x01,0xd5,0xbe,0x41,0xf9,0x06,
    0x81,0x05,0x37,0x1b,0xc8,0xc7,0x02,0x9b,0x0d,0xe0,0x63,0x37,0x1b,0x04,0xf4,0xb1,
    0x60,0x67,0x03,0xf9,0x58,0xd0,0xb3,0x01,0x7c,0x2c,0x18,0xe4,0x63,0x01,0xd8,0x06,
    0xf0,0xb1,0xa0,0x90,0x8f,0x05,0x63,0x1b,0xc0,0xc7,0x82,0x43,0x3e,0x16,0x98,0x6d,
    0x00,0x1f,0x63,0x18,0xf9,0x58,0x20,0xb6,0x81,0x7c,0x46,0x0c,0x0c,0x00,0x04,0xc1,
    0x80,0xda,0xdf,0x60,0x75,0x83,0xc0,0x98,0xb5,0x0d,0xe4,0x63,0x81,0x20,0x1f,0x0b,
    0x0c,0xf9,0x0c,0x47,0x4c,0x65,0x1b,0x0c,0x9f,0x9d,0x6d,0x20,0xc4,0x67,0xba,0x21,
    0x18,0x04,0x93,0xdb,0x00,0x8b,0x8f,0x05,0x26,0x1b,0xd0,0x67,0xc4,0xc0,0x00,0x40,
    0x10,0x0c,0x28,0x12,0x0e,0xf8,0x37,0x08,0x2c,0x70,0xdb,0x40,0x3e,0x16,0xb4,0x6d,
    0x00,0x1f,0x73,0xdb,0x20,0xa0,0x8f,0x05,0x72,0x1b,0xc8,0xc7,0x02,0xba,0x0d,0xe0,
    0x63,0xc1,0x20,0x1f,0x0b,0xee,0x36,0x80,0x8f,0x05,0x85,0x7c,0x2c,0xd0,0xdb,0x00,
    0x3e,0x16,0x1c,0xf2,0xb1,0xa0,0x6f,0x03,0xf8,0x18,0xc3,0xc8,0xc7,0x82,0xbc,0x0d,
    0xe4,0x33,0x62,0x60,0x00,0x20,0x08,0x06,0x94,0x0c,0x07,0xe2,0x1b,0x04,0xc6,0x88,
    0x6e,0x20,0x1f,0x0b,0x04,0xf9,0x58,0x60,0xc8,0x67,0x38,0x62,0xe2,0xdb,0x60,0xf8,
    0xcc,0x6f,0x03,0x21,0x3e,0xd3,0x0d,0xc1,0x20,0x18,0x16,0xc4,0x67,0xc4,0xe0,0x00,
    0x40,0x10,0x0c,0xac,0x1c,0x0e,0xd2,0x37,0x00,0xdd,0x20,0xb0,0x50,0x08,0x05,0xf9,
    0x58,0x40,0xba,0x81,0x7c,0x46,0x0c,0x0c,0x00,0x04,0xc1,0x80,0xea,0xe1,0xa0,0x7d,
    0x83,0xc0,0x02,0x42,0x3e,0x26,0x6b,0x24,0x06,0x1f,0x0b,0xc6,0x36,0x90,0x8f,0xf1,
    0x58,0x10,0x1f,0x0b,0x04,0xf9,0x58,0x30,0x62,0xf0,0x19,0x31,0x38,0x00,0x10,0x04,
    0x03,0x6b,0x8c,0x83,0xf9,0x0d,0x54,0x37,0x08,0x46,0x0c,0x0c,0x00,0x04,0xc1,0x80,
    0x2a,0xe3,0xe0,0x7e,0x83,0xc0,0x82,0x5b,0x83,0x8f,0x1d,0x62,0x26,0x1f,0x0b,0x5c,
    0x0c,0x3e,0x96,0x24,0xf2,0x31,0x21,0x88,0xcf,0x70,0x44,0x11,0xbb,0x81,0xf0,0x55,
    0x88,0x05,0x6a,0xc3,0x41,0x1f,0x4b,0xfe,0x0b,0x3e,0xd3,0x0d,0x42,0x30,0xd8,0xd2,
    0x5f,0xf0,0xb1,0x80,0x6e,0x03,0xfa,0x8c,0x18,0x18,0x00,0x08,0x82,0x01,0x25,0xc7,
    0x81,0x1a,0x07,0x81,0x05,0xbc,0x1b,0xc8,0xc7,0x82,0xdd,0x0d,0xe0,0x63,0xbc,0x1b,
    0x04,0xf4,0xb1,0x00,0x7c,0x03,0xf9,0x58,0x20,0xbe,0x01,0x7c,0x2c,0x18,0xe4,0x63,
    0x41,0xf9,0x06,0xf0,0xb1,0xa0,0x90,0x8f,0x05,0xe8,0x1b,0xc0,0xc7,0x82,0x43,0x3e,
    0x16,0xac,0x6f,0x00,0x1f,0x63,0x18,0xf9,0x58,0x70,0xbe,0x81,0x7c,0x46,0x0c,0x0c,
    0x00,0x04,0xc1,0x80,0x02,0xe5,0x00,0x86,0x83,0xc0,0x18,0xf8,0x0d,0xe4,0x63,0x81,
    0x20,0x1f,0x0b,0x0c,0xf9,0x0c,0x47,0x4c,0xea,0x1b,0x0c,0x9f,0xb1,0x6f,0x20,0xc4,
    0x67,0xba,0x21,0x18,0x04,0xbb,0xdf,0x00,0x8b,0x8f,0x05,0xab,0x1b,0xd0,0x67,0xc4,
    0xc0,0x00,0x40,0x10,0x0c,0xa8,0x54,0x0e,0x42,0x39,0x08,0x2c,0x98,0xdf,0x40,0x3e,
    0x16,0xc8,0x6f,0x00,0x1f,0x9b,0xdf,0x20,0xa0,0x8f,0x05,0xf7,0x1b,0xc8,0xc7,0x82,
    0xfc,0x0d,0xe0,0x63,0xc1,0x20,0x1f,0x0b,0xf8,0x37,0x80,0x8f,0x05,0x85,0x7c,0x2c,
    0xf8,0xdf,0x00,0x3e,0x16,0x1c,0xf2,0xb1,0x40,0x84,0x03,0xf8,0x18,0xc3,0xc8,0xc7,
    0x02,0xff,0x0d,0xe4,0x33,0x62,0x60,0x00,0x20,0x08,0x06,0xd4,0x2d,0x07,0x67,0x1c,
    0x04,0xc6,0x9c,0x70,0x20,0x1f,0x0b,0x04,0xf9,0x58,0x60,0xc8,0x67,0x38,0x62,0x0a,
    0xe1,0x60,0xf8,0x6c,0x84,0x03,0x21,0x3e,0xd3,0x0d,0xc1,0x20,0x18,0x16,0xc4,0x67,
    0xc4,0xe0,0x00,0x40,0x10,0x0c,0x2c,0x5f,0x0e,0xdc,0x38,0x28,0xe1,0x20,0xb0,0x50,
    0x08,0x05,0xf9,0x58,0x90,0xc2,0x81,0x7c,0x46,0x0c,0x0c,0x00,0x04,0xc1,0x80,0x12,
    0xe7,0x40,0x8e,0x83,0xc0,0x02,0x42,0x3e,0xa6,0x2b,0x3f,0x03,0x1f,0x0b,0x7e,0x38,
    0x90,0x8f,0xdd,0xc8,0xf9,0xc0,0xc7,0x02,0x30,0x0e,0xe4,0x63,0xb4,0xf1,0x46,0xf0,
    0xb1,0x20,0x8c,0x03,0xf9,0x58,0x4c,0xdc,0x13,0x7c,0x2c,0x10,0xe3,0x40,0x3e,0xe6,
    0x0a,0x7f,0x05,0x1f,0x0b,0xc6,0x38,0x90,0x8f,0x2d,0x27,0x06,0x1f,0x0b,0xc8,0x38,
    0x90,0x8f,0x25,0x0b,0x7c,0x2c,0x40,0xe0,0x63,0xc1,0x01,0x1f,0x0b,0x0c,0xf8,0x58,
    0x50,0xc0,0xc7,0xce,0x2e,0x8d,0x03,0xf9,0x58,0x20,0xc8,0x67,0x96,0x40,0x1b,0xa8,
    0x18,0x84,0x4c,0x0f,0x07,0xcc,0x02,0xb9,0x83,0xcf,0x88,0xc1,0x01,0x80,0x20,0x18,
    0x58,0xf8,0x1c,0xa0,0x72,0x20,0x7e,0x7b,0x1c,0x94,0xfe,0x06,0x35,0x18,0x44,0x05,
    0xfe,0x1b,0xd0,0x88,0xc1,0x01,0x80,0x20,0x18,0x58,0xfb,0x1c,0xbc,0x72,0x10,0xf4,
    0x71,0x30,0xdc,0x10,0x10,0xca,0x2c,0xc3,0xc6,0x05,0x26,0x14,0xf0,0xb1,0x00,0x8e,
    0x03,0xf9,0x18,0x71,0xc4,0xa7,0xee,0x34,0xf8,0xc1,0x20,0x0a,0x4f,0x03,0x24,0x4a,
    0xc8,0xd3,0x20,0x6a,0x08,0xa2,0xf6,0x34,0x08,0xa2,0xc6,0x30,0x18,0xa2,0x02,0x01,
    0x0a,0x8f,0x03,0x27,0xea,0xf8,0xd3,0x20,0x0a,0x09,0xa2,0x42,0x35,0x08,0xa2,0x88,
    0x21,0x2a,0x10,0xa0,0x48,0x35,0x20,0xd5,0x40,0xca,0x71,0xa4,0x1c,0x47,0x6a,0x10,
    0xa2,0x02,0x21,0x2a,0x55,0x03,0x70,0x0e,0xa4,0x02,0x55,0x0d,0xa2,0x84,0x20,0x8a,
    0x55,0x83,0x20,0x4a,0x10,0xa4,0x02,0x25,0x8a,0x18,0xa4,0x84,0x00,0x4a,0x08,0xa0,
    0x0c,0x43,0x2a,0x10,0xa0,0xba,0x75,0x0e,0xa4,0x02,0x2f,0x4a,0x08,0xa2,0xc0,0x20,
    0x88,0x12,0x04,0xa9,0x80,0x8a,0x22,0x06,0x29,0x21,0x80,0x12,0x02,0x28,0xc3,0x90,
    0x0a,0x04,0x28,0x26,0x88,0x42,0x83,0x7b,0x0e,0xa4,0x82,0x34,0x88,0x12,0x82,0xa8,
    0x35,0x08,0xa2,0x04,0x41,0x2a,0xf8,0xa2,0x88,0x41,0x4a,0x08,0xa0,0x84,0x00,0xca,
    0x30,0xa4,0x02,0x01,0x8a,0x09,0xa2,0xea,0x00,0x9d,0x03,0xa9,0x00,0x0e,0xa4,0x86,
    0x20,0xea,0x0e,0xd6,0x39,0x90,0x0a,0xda,0x40,0x6a,0x08,0xa2,0xea,0xa0,0x0e,0xa4,
    0x84,0x20,0x2a,0x0e,0xe2,0x40,0x4a,0x08,0xa2,0xe0,0x39,0x88,0x83,0x28,0x38,0x98,
    0x83,0xa8,0x38,0x08,0xa2,0xea,0x20,0x88,0x22,0x86,0xa8,0x40,0x80,0x0a,0x0e,0xa8,
    0x7b,0x0e,0xee,0x20,0xca,0x0e,0xee,0x20,0xea,0x0e,0x82,0xa8,0x3c,0x08,0xa2,0x88,
    0x21,0x2a,0x10,0xa0,0x82,0x03,0x2c,0xe0,0x03,0xf8,0xd8,0x2b,0xbc,0x74,0x20,0x1f,
    0x8b,0x85,0x20,0x3e,0x16,0xd0,0x72,0x20,0x1f,0x13,0xe9,0x20,0x88,0x8f,0xa5,0x6c,
    0x50,0xd2,0x81,0x7c,0x2c,0xd0,0x85,0xf8,0x58,0xb0,0x0b,0xf2,0xb1,0xa2,0x83,0x8f,
    0x05,0x85,0x7c,0x2c,0x18,0xe0,0x33,0x62,0x70,0x00,0x20,0x08,0x06,0x16,0x6e,0x07,
    0x68,0x1d,0xfc,0x73,0x10,0x8c,0x18,0x18,0x00,0x08,0x82,0x01,0xa5,0xdb,0x01,0x5b,
    0x07,0x81,0x05,0xba,0x00,0x1f,0x1b,0x03,0x45,0x3e,0x16,0x3c,0xf0,0xb1,0xa6,0x91,
    0x8f,0x09,0x41,0x7c,0x86,0x23,0xfc,0x31,0xb0,0xd9,0x80,0xf8,0x86,0x23,0x8c,0x93,
    0x0e,0x84,0xaf,0x84,0x40,0x8d,0x40,0xe8,0x63,0x22,0x19,0xe8,0x6c,0x10,0x1f,0x5b,
    0x02,0xf8,0x4c,0x37,0x0c,0x01,0x61,0xe8,0x1c,0xf4,0x6c,0x10,0x1f,0x0b,0x4c,0x32,
    0x88,0x8f,0x3d,0x01,0x7c,0x2c,0x68,0xe7,0x80,0x3e,0x23,0x06,0x06,0x00,0x82,0x60,
    0x40,0xad,0x77,0x30,0xde,0x41,0x60,0x41,0x4d,0x07,0xf2,0xb1,0x80,0xa6,0x03,0xf8,
    0x58,0x4d,0x07,0x01,0x7d,0x2c,0xc8,0xe9,0x40,0x3e,0x16,0xec,0x74,0x00,0x1f,0x0b,
    0x06,0xf9,0x58,0xe0,0xd3,0x01,0x7c,0x2c,0x28,0xe4,0x63,0x41,0x58,0x07,0xf0,0xb1,
    0xe0,0x90,0x8f,0x05,0x64,0x1d,0xc0,0xc7,0x18,0x46,0x3e,0x16,0x80,0x75,0x20,0x9f,
    0x11,0x03,0x03,0x00,0x41,0x30,0xa0,0xf2,0x3b,0x48,0xed,0x20,0x30,0x26,0xad,0x03,
    0xf9,0x58,0x20,0xc8,0xc7,0x02,0x43,0x3e,0xc3,0x11,0xd3,0x58,0x07,0xc3,0x67,0x65,
    0x1d,0x08,0xf1,0x99,0x6e,0x08,0x06,0xc1,0xe0,0x3a,0xd0,0xe2,0x63,0x01,0x49,0x07,
    0xf4,0x19,0x31,0x30,0x00,0x10,0x04,0x03,0x4a,0xc4,0x03,0xfd,0x0e,0x02,0x0b,0xd8,
    0x3a,0x90,0x8f,0x05,0x6b,0x1d,0xc0,0xc7,0xd8,0x3a,0x08,0xe8,0x63,0x01,0x5c,0x07,
    0xf2,0xb1,0x40,0xae,0x03,0xf8,0x58,0x30,0xc8,0xc7,0x82,0xba,0x0e,0xe0,0x63,0x41,
    0x21,0x1f,0x0b,0xf0,0x3a,0x80,0x8f,0x05,0x87,0x7c,0x2c,0xd8,0xeb,0x00,0x3e,0xc6,
    0x30,0xf2,0xb1,0xe0,0xae,0x03,0xf9,0x8c,0x18,0x18,0x00,0x08,0x82,0x01,0x05,0xe3,
    0x01,0x78,0x07,0x81,0x31,0xa0,0x1d,0xc8,0xc7,0x02,0x41,0x3e,0x16,0x18,0xf2,0x19,
    0x8e,0x98,0xf4,0x3a,0x18,0x3e,0xe3,0xeb,0x40,0x88,0xcf,0x74,0x43,0x30,0x08,0x86,
    0x05,0xf1,0x19,0x31,0x38,0x00,0x10,0x04,0x03,0xeb,0xc6,0x83,0xf3,0x0e,0xfc,0x3a,
    0x08,0x2c,0x15,0x52,0x41,0x3e,0x16,0x88,0x76,0x20,0x9f,0x11,0x03,0x03,0x00,0x41,
    0x30,0xa0,0x76,0x3c,0x58,0xef,0x20,0xb0,0x80,0x90,0x8f,0xf5,0x04,0x6f,0x07,0xf2,
    0xb1,0x9f,0x08,0xe2,0x63,0x81,0x58,0x07,0xf2,0x31,0xd8,0x0e,0x82,0xf8,0x98,0x80,
    0x0e,0xf0,0xb1,0x40,0x90,0x8f,0x05,0xae,0x00,0x9f,0x11,0x83,0x03,0x00,0x41,0x30,
    0xb0,0xc6,0x3c,0x98,0xef,0x40,0xb5,0x83,0x60,0xc4,0xc0,0x00,0x40,0x10,0x0c,0xa8,
    0x32,0x0f,0xee,0x3b,0x08,0x2c,0x28,0x0b,0xf8,0x98,0x3b,0x1c,0xf2,0xb1,0x40,0x17,
    0xe0,0x63,0x8a,0x22,0x1f,0x13,0x82,0xf8,0x0c,0x47,0x14,0xb1,0x1d,0x08,0x5f,0xb1,
    0x42,0xa0,0x36,0x1c,0xf4,0xb1,0x44,0x15,0xe0,0x33,0xdd,0x20,0x04,0x83,0x2d,0xa8,
    0x00,0x1f,0x0b,0xe8,0x3a,0xa0,0xcf,0x88,0x81,0x01,0x80,0x20,0x18,0x50,0x72,0x1e,
    0xa8,0x79,0x10,0x58,0xc0,0xdb,0x81,0x7c,0x2c,0xd8,0xed,0x00,0x3e,0xc6,0xdb,0x41,
    0x40,0x1f,0x0b,0xc0,0x3b,0x90,0x8f,0x05,0xe2,0x1d,0xc0,0xc7,0x82,0x41,0x3e,0x16,
    0x94,0x77,0x00,0x1f,0x0b,0x0a,0xf9,0x58,0x80,0xde,0x01,0x7c,0x2c,0x38,0xe4,0x63,
    0xc1,0x7a,0x07,0xf0,0x31,0x86,0x91,0x8f,0x05,0xe7,0x1d,0xc8,0x67,0xc4,0xc0,0x00,
    0x40,0x10,0x0c,0x28,0x50,0x0f,0x60,0x3c,0x08,0x8c,0x81,0xef,0x40,0x3e,0x16,0x08,
    0xf2,0xb1,0xc0,0x90,0xcf,0x70,0xc4,0xa4,0xde,0xc1,0xf0,0x19,0x7b,0x07,0x42,0x7c,
    0xa6,0x1b,0x82,0x41,0xb0,0xfb,0x0e,0xb0,0xf8,0x58,0xb0,0xda,0x01,0x7d,0x46,0x0c,
    0x0c,0x00,0x04,0xc1,0x80,0x4a,0xf5,0x20,0xd4,0x83,0xc0,0x82,0xf9,0x0e,0xe4,0x63,
    0x81,0x7c,0x07,0xf0,0xb1,0xf9,0x0e,0x02,0xfa,0x58,0x70,0xdf,0x81,0x7c,0x2c,0xc8,
    0xef,0x00,0x3e,0x16,0x0c,0xf2,0xb1,0x80,0xbf,0x03,0xf8,0x58,0x50,0xc8,0xc7,0x82,
    0xff,0x0e,0xe0,0x63,0xc1,0x21,0x1f,0x0b,0x44,0x3c,0x80,0x8f,0x31,0x8c,0x7c,0x2c,
    0xf0,0xef,0x40,0x3e,0x23,0x06,0x06,0x00,0x82,0x60,0x40,0xdd,0x7a,0x70,0xe6,0x41,
    0x60,0xcc,0x89,0x07,0xf2,0xb1,0x40,0x90,0x8f,0x05,0x86,0x7c,0x86,0x23,0xa6,0x10,
    0x0f,0x86,0xcf,0x46,0x3c,0x10,0xe2,0x33,0xdd,0x10,0x0c,0x82,0x61,0x41,0x7c,0x46,
    0x0c,0x0e,0x00,0x04,0xc1,0xc0,0xf2,0xf5,0xc0,0xcd,0x83,0x12,0x0f,0x02,0x13,0x05,
    0x51,0x90,0x8f,0x05,0x29,0x1e,0xc8,0x67,0xc4,0xc0,0x00,0x40,0x10,0x0c,0x28,0x71,
    0x0f,0xe4,0x3c,0x08,0x2c,0x20,0xe4,0x63,0xe4,0x21,0xe6,0x81,0x7c,0xcc,0x3c,0x82,
    0xf8,0x58,0x90,0xde,0x81,0x7c,0xec,0xc6,0x83,0x20,0x3e,0x26,0xbc,0x05,0x7c,0x2c,
    0x10,0xe4,0x63,0x41,0x4d,0xc0,0x67,0xc4,0xe0,0x00,0x40,0x10,0x0c,0x2c,0x75,0x0f,
    0xf4,0x3c,0x88,0xf1,0x20,0x18,0x31,0x30,0x00,0x10,0x04,0x03,0x8a,0xdd,0x03,0x3f,
    0x0f,0x02,0x0b,0xd8,0x03,0x3e,0x56,0x17,0x87,0x7c,0x2c,0x08,0x0b,0xf8,0x98,0xa2,
    0xc8,0xc7,0x84,0x20,0x3e,0xc3,0x11,0x05,0x8e,0x07,0xc2,0x57,0x33,0x11,0xa8,0x0d,
    0x07,0x7d,0x2c,0x89,0x09,0xf8,0x4c,0x37,0x08,0xc1,0x60,0xcb,0x4b,0xc0,0xc7,0x82,
    0xfd,0x0e,0xe8,0x33,0x62,0x60,0x00,0x20,0x08,0x06,0x54,0xbe,0x07,0xf1,0x1e,0x04,
    0x16,0x8c,0x79,0x20,0x1f,0x0b,0xc4,0x3c,0x80,0x8f,0x8d,0x79,0x10,0xd0,0xc7,0x82,
    0x33,0x0f,0xe4,0x63,0x41,0x9a,0x07,0xf0,0xb1,0x60,0x90,0x8f,0x05,0x6c,0x1e,0xc0,
    0xc7,0x82,0x42,0x3e,0x16,0xbc,0x79,0x00,0x1f,0x0b,0x0e,0xf9,0x58,0x20,0xe7,0x01,
    0x7c,0x8c,0x61,0xe4,0x63,0x81,0x9b,0x07,0xf2,0x19,0x31,0x30,0x00,0x10,0x04,0x03,
    0xea,0xe4,0x83,0x5b,0x0f,0x02,0x63,0xee,0x3c,0x90,0x8f,0x05,0x82,0x7c,0x2c,0x30,
    0xe4,0x33,0x1c,0x31,0xc5,0x79,0x30,0x7c,0x36,0xe7,0x81,0x10,0x9f,0xe9,0x86,0x60,
    0x10,0xcc,0xcf,0x03,0x2c,0x3e,0x16,0xc8,0x78,0x40,0x9f,0x11,0x03,0x03,0x00,0x41,
    0x30,0xa0,0x60,0x3e,0x40,0xf9,0x20,0xb0,0x40,0xcf,0x03,0xf9,0x58,0x90,0xe7,0x01,
    0x7c,0x4c,0xcf,0x83,0x80,0x3e,0x16,0xf8,0x79,0x20,0x1f,0x0b,0x40,0x3d,0x80,0x8f,
    0x05,0x83,0x7c,0x2c,0x18,0xf5,0x00,0x3e,0x16,0x14,0xf2,0xb1,0xc0,0xd4,0x03,0xf8,
    0x58,0x70,0xc8,0xc7,0x82,0x54,0x0f,0xe0,0x63,0x0c,0x23,0x1f,0x0b,0x4a,0x3d,0x90,
    0xcf,0x88,0x81,0x01,0x80,0x20,0x18,0x50,0x3e,0x1f,0xb8,0x7b,0x10,0x18,0xe3,0xea,
    0x81,0x7c,0x2c,0x10,0xe4,0x63,0x81,0x21,0x9f,0xe1,0x88,0x09,0xd5,0x83,0xe1,0x33,
    0x55,0x0f,0x84,0xf8,0x4c,0x37,0x04,0x83,0x60,0x58,0x10,0x9f,0x11,0x83,0x03,0x00,
    0x41,0x30,0xb0,0xca,0x3e,0xa8,0xf7,0x80,0xd5,0x83,0xc0,0x44,0x41,0x14,0xe4,0x63,
    0x01,0xac,0x07,0xf2,0x19,0x31,0x30,0x00,0x10,0x04,0x03,0x2a,0xed,0x83,0x7c,0x0f,
    0x02,0x0b,0x08,0xf9,0xd8,0x9a,0xa0,0x7b,0x20,0x1f,0x6b,0x93,0x20,0x3e,0x16,0xc0,
    0x79,0x20,0x1f,0xf3,0xf5,0x20,0x88,0x8f,0x09,0xf6,0x01,0x1f,0x0b,0x04,0xf9,0x58,
    0xc0,0x1b,0xf0,0x19,0x31,0x38,0x00,0x10,0x04,0x03,0x2b,0xee,0x83,0x90,0x0f,0x70,
    0x3d,0x08,0x46,0x0c,0x0c,0x00,0x04,0xc1,0x80,0x9a,0xfb,0xa0,0xe4,0x83,0xc0,0x82,
    0x39,0x81,0x8f,0xf1,0xc7,0x21,0x1f,0x0b,0xd0,0x03,0x3e,0xa6,0x28,0xf2,0x31,0x21,
    0x88,0xcf,0x70,0x44,0xf1,0xeb,0x81,0xf0,0x95,0x6e,0x04,0x6a,0xc3,0x41,0x1f,0x4b,
    0x70,0x03,0x3e,0xd3,0x0d,0x42,0x30,0xd8,0x62,0x1b,0xf0,0xb1,0x40,0xd4,0x03,0xfa,
    0x8c,0x18,0x18,0x00,0x08,0x82,0x01,0x05,0xfa,0x01,0xde,0x07,0x81,0x05,0xea,0x1e,
    0xc8,0xc7,0x82,0x74,0x0f,0xe0,0x63,0xea,0x1e,0x04,0xf4,0xb1,0xc0,0xdd,0x03,0xf9,
    0x58,0x00,0xef,0x01,0x7c,0x2c,0x18,0xe4,0x63,0xc1,0xbc,0x07,0xf0,0xb1,0xa0,0x90,
    0x8f,0x05,0xf6,0x1e,0xc0,0xc7,0x82,0x43,0x3e,0x16,0xe4,0x7b,0x00,0x1f,0x63,0x18,
    0xf9,0x58,0x50,0xef,0x81,0x7c,0x46,0x0c,0x0c,0x00,0x04,0xc1,0x80,0x72,0xfd,0xc0,
    0xe7,0x83,0xc0,0x18,0x7f,0x0f,0xe4,0x63,0x81,0x20,0x1f,0x0b,0x0c,0xf9,0x0c,0x47,
    0x4c,0xf8,0x1e,0x0c,0x9f,0xe9,0x7b,0x20,0xc4,0x67,0xba,0x21,0x18,0x04,0x2b,0xf9,
    0x00,0x8b,0x8f,0x05,0xb9,0x1e,0xd0,0x67,0xc4,0xc0,0x00,0x40,0x10,0x0c,0xa8,0xdb,
    0x0f,0x5e,0x3f,0x08,0x2c,0x08,0xf9,0x40,0x3e,0x16,0x80,0x7c,0x00,0x1f,0x0b,0xf9,
    0x20,0xa0,0x8f,0x05,0x25,0x1f,0xc8,0xc7,0x82,0x93,0x0f,0xe0,0x63,0xc1,0x20,0x1f,
    0x0b,0x54,0x3e,0x80,0x8f,0x05,0x85,0x7c,0x2c,0x68,0xf9,0x00,0x3e,0x16,0x1c,0xf2,
    0xb1,0x00,0xe6,0x03,0xf8,0x18,0xc3,0xc8,0xc7,0x02,0x96,0x0f,0xe4,0x33,0x62,0x60,
    0x00,0x20,0x08,0x06,0x54,0xf9,0x07,0x75,0x1f,0x04,0xc6,0xd4,0x7c,0x20,0x1f,0x0b,
    0x04,0xf9,0x58,0x60,0xc8,0x67,0x38,0x62,0x7a,0xf9,0x60,0xf8,0x2c,0xe6,0x03,0x21,
    0x3e,0xd3,0x0d,0xc1,0x20,0x18,0x16,0xc4,0x67,0xc4,0xe0,0x00,0x40,0x10,0x0c,0x2c,
    0xf6,0x0f,0xf8,0x3e,0x98,0xf9,0x20,0x30,0x51,0x10,0x05,0xf9,0x58,0x70,0xf3,0x81,
    0x7c,0x46,0x0c,0x0c,0x00,0x04,0xc1,0x80,0x82,0xff,0x00,0xf4,0x83,0xc0,0x02,0x42,
    0x3e,0x26,0x2f,0x6e,0x1f,0xc8,0xc7,0xe8,0x25,0x88,0x8f,0x05,0xf7,0x1e,0xc8,0xc7,
    0xca,0x3e,0x08,0xe2,0x63,0x42,0x9f,0xc0,0xc7,0x02,0x41,0x3e,0x16,0x8c,0x09,0x7c,
    0x46,0x0c,0x0e,0x00,0x04,0xc1,0xc0,0xc2,0xff,0x00,0xf5,0x83,0x9f,0x0f,0x82,0x11,
    0x03,0x03,0x00,0x41,0x30,0xa0,0xf4,0x3f,0x60,0xfd,0x20,0xb0,0x40,0x5f,0xe0,0x63,
    0xa3,0x72,0xc8,0xc7,0x82,0x37,0x81,0x8f,0x29,0x8a,0x7c,0x4c,0x08,0xe2,0x33,0x1c,
    0x51,0x98,0x7d,0x20,0x7c,0x15,0x26,0x81,0xda,0x70,0xd0,0xc7,0x92,0x1f,0x81,0xcf,
    0x74,0x83,0x10,0x0c,0xb6,0xf4,0x08,0x7c,0x2c,0x48,0xf9,0x80,0x3e,0x23,0x06,0x06,
    0x00,0x82,0x60,0x40,0x9d,0xa0,0xf0,0xff,0x41,0x60,0x41,0xdc,0x07,0xf2,0xb1,0x00,
    0xee,0x03,0xf8,0x58,0xdc,0x07,0x01,0x7d,0x2c,0xa8,0xfb,0x40,0x3e,0x16,0xdc,0x7d,
    0x00,0x1f,0x0b,0x06,0xf9,0x58,0xa0,0xf7,0x01,0x7c,0x2c,0x28,0xe4,0x63,0x41,0xdf,
    0x07,0xf0,0xb1,0xe0,0x90,0x8f,0x05,0xa0,0x1f,0xc0,0xc7,0x18,0x46,0x3e,0x16,0xf0,
    0x7d,0x20,0x9f,0x11,0x03,0x03,0x00,0x41,0x30,0xa0,0x6a,0x50,0x28,0xff,0x20,0x30,
    0xa6,0xf4,0x03,0xf9,0x58,0x20,0xc8,0xc7,0x02,0x43,0x3e,0xc3,0x11,0xd3,0xdf,0x07,
    0xc3,0x67,0xa1,0x1f,0x08,0xf1,0x99,0x6e,0x08,0x06,0xc1,0x58,0x3f,0xc0,0xe2,0x63,
    0x01,0xd8,0x07,0xf4,0x19,0x31,0x30,0x00,0x10,0x04,0x03,0xca,0x07,0x05,0x1b,0x14,
    0x02,0x0b,0x50,0x3f,0x90,0x8f,0x05,0xa7,0x1f,0xc0,0xc7,0x50,0x3f,0x08,0xe8,0x63,
    0x01,0xeb,0x07,0xf2,0xb1,0xc0,0xf5,0x03,0xf8,0x58,0x30,0xc8,0xc7,0x82,0xd8,0x0f,
    0xe0,0x63,0x41,0x21,0x1f,0x0b,0x68,0x3f,0x80,0x8f,0x05,0x87,0x7c,0x2c,0xb8,0xfd,
    0x00,0x3e,0xc6,0x30,0xf2,0xb1,0x60,0xf6,0x03,0xf9,0x8c,0x18,0x18,0x00,0x08,0x82,
    0x01,0xc5,0x86,0x02,0xff,0x07,0x81,0x31,0xbc,0x1f,0xc8,0xc7,0x02,0x41,0x3e,0x16,
    0x18,0xf2,0x19,0x8e,0x98,0x6c,0x3f,0x18,0x3e,0xc3,0xfd,0x40,0x88,0xcf,0x74,0x43,
    0x30,0x08,0x86,0x05,0xf1,0x19,0x31,0x38,0x00,0x10,0x04,0x03,0x6b,0x0e,0x85,0x11,
    0x14,0x74,0x3f,0x08,0x4c,0x14,0x44,0x41,0x3e,0x16,0xf8,0x7e,0x20,0x9f,0x11,0x03,
    0x03,0x00,0x41,0x30,0xa0,0xee,0x50,0x38,0x41,0x21,0xb0,0x80,0x90,0x8f,0xe5,0x0d,
    0xfd,0x07,0xf2,0xb1,0xbd,0x09,0xe2,0x63,0x81,0xdf,0x07,0xf2,0x31,0xf6,0x0f,0x82,
    0xf8,0x98,0x40,0x32,0xf0,0xb1,0x40,0x90,0x8f,0x05,0xea,0x02,0x9f,0x11,0x83,0x03,
    0x00,0x41,0x30,0xb0,0xfe,0x50,0x78,0x41,0xc1,0xfc,0x83,0x60,0xc4,0xc0,0x00,0x40,
    0x10,0x0c,0xa8,0x50,0x14,0x66,0x50,0x08,0x2c,0x08,0x1d,0xf8,0x98,0xca,0x1c,0xf2,
    0xb1,0xc0,0x5e,0xe0,0x63,0x8a,0x22,0x1f,0x13,0x82,0xf8,0x0c,0x47,0x14,0xed,0x1f,
    0x08,0x5f,0xa1,0x4b,0xa0,0x36,0x1c,0xf4,0xb1,0xc4,0x5c,0xe0,0x33,0xdd,0x20,0x04,
    0x83,0x2d,0xe4,0x02,0x1f,0x0b,0x60,0x3f,0xa0,0xcf,0x88,0x81,0x01,0x80,0x20,0x18,
    0x50,0xae,0x28,0x98,0xa2,0x10,0x58,0x80,0xff,0x81,0x7c,0x2c,0xb8,0xff,0x00,0x3e,
    0x86,0xff,0x41,0x40,0x1f,0x0b,0xf8,0x3f,0x90,0x8f,0x05,0xfe,0x1f,0xc0,0xc7,0x82,
    0x41,0x3e,0x16,0x84,0xa0,0x00,0x1f,0x0b,0x0a,0xf9,0x58,0x40,0x82,0x02,0x7c,0x2c,
    0x38,0xe4,0x63,0xc1,0x09,0x0a,0xf0,0x31,0x86,0x91,0x8f,0x05,0x23,0x28,0xc8,0x67,
    0xc4,0xc0,0x00,0x40,0x10,0x0c,0x28,0x5e,0x14,0xd8,0x50,0x08,0x8c,0x61,0x41,0x41,
    0x3e,0x16,0x08,0xf2,0xb1,0xc0,0x90,0xcf,0x70,0xc4,0x64,0x82,0xc2,0xf0,0x19,0x0a,
    0x0a,0x42,0x7c,0xa6,0x1b,0x82,0x41,0xb0,0x19,0x14,0xb0,0xf8,0x58,0x70,0xfe,0x01,
    0x7d,0x46,0x0c,0x0c,0x00,0x04,0xc1,0x80,0x2a,0x47,0xa1,0x17,0x85,0xc0,0x82,0x17,
    0x14,0xe4,0x63,0x81,0x0b,0x0a,0xf0,0xb1,0x17,0x14,0x02,0xfa,0x58,0x30,0x83,0x82,
    0x7c,0x2c,0xa8,0x41,0x01,0x3e,0x16,0x0c,0xf2,0xb1,0x00,0x07,0x05,0xf8,0x58,0x50,
    0xc8,0xc7,0x82,0x1d,0x14,0xe0,0x63,0xc1,0x21,0x1f,0x0b,0x7c,0x50,0x80,0x8f,0x31,
    0x8c,0x7c,0x2c,0xd0,0x41,0x41,0x3e,0x23,0x06,0x06,0x00,0x82,0x60,0x40,0xcd,0xa3,
    0x30,0x8a,0x42,0x60,0xcc,0x18,0x0a,0xf2,0xb1,0x40,0x90,0x8f,0x05,0x86,0x7c,0x86,
    0x23,0xa6,0x1e,0x14,0x86,0xcf,0x7e,0x50,0x10,0xe2,0x33,0xdd,0x10,0x0c,0x82,0x61,
    0x41,0x7c,0x46,0x0c,0x0e,0x00,0x04,0xc1,0xc0,0xd2,0x47,0x41,0x15,0x85,0x30,0x14,
    0x02,0x13,0x05,0x51,0x90,0x8f,0x05,0x65,0x28,0xc8,0x67,0xc4,0xc0,0x00,0x40,0x10,
    0x0c,0x28,0x7f,0x14,0x5c,0x51,0x08,0x2c,0x20,0xe4,0x63,0x21,0x74,0x0a,0xf0,0xb1,
    0x80,0x04,0x05,0xf9,0x98,0x1c,0x0a,0x41,0x7c,0x4c,0x50,0x1d,0xf8,0x58,0x20,0xc8,
    0xc7,0x02,0xb8,0x81,0xcf,0x88,0xc1,0x01,0x80,0x20,0x18,0x58,0x25,0x29,0xd4,0xa2,
    0xc0,0x86,0x42,0x30,0x62,0x60,0x00,0x20,0x08,0x06,0xd4,0x49,0x0a,0xb9,0x28,0x04,
    0x16,0x9c,0x10,0x7c,0x0c,0x76,0x0e,0xf9,0x58,0xc0,0x37,0xf0,0x31,0x45,0x91,0x8f,
    0x09,0x41,0x7c,0x86,0x23,0x8a,0x39,0x14,0x84,0xaf,0xdc,0x26,0x50,0x1b,0x0e,0xfa,
    0x58,0xc2,0x36,0xf0,0x99,0x6e,0x10,0x82,0xc1,0x16,0xb5,0x81,0x8f,0x05,0x36,0x28,
    0xd0,0x67,0xc4,0xc0,0x00,0x40,0x10,0x0c,0x28,0x9a,0x14,0x58,0x52,0x08,0x2c,0xf0,
    0x43,0x41,0x3e,0x16,0xf4,0xa1,0x00,0x1f,0xf3,0x43,0x21,0xa0,0x8f,0x05,0xa2,0x28,
    0xc8,0xc7,0x02,0x52,0x14,0xe0,0x63,0xc1,0x20,0x1f,0x0b,0x4e,0x51,0x80,0x8f,0x05,
    0x85,0x7c,0x2c,0x50,0x45,0x01,0x3e,0x16,0x1c,0xf2,0xb1,0xa0,0x15,0x05,0xf8,0x18,
    0xc3,0xc8,0xc7,0x82,0x54,0x14,0xe4,0x33,0x62,0x60,0x00,0x20,0x08,0x06,0x94,0x58,
    0x0a,0xf2,0x28,0x04,0xc6,0xc8,0xa2,0x20,0x1f,0x0b,0x04,0xf9,0x58,0x60,0xc8,0x67,
    0x38,0x62,0x62,0x45,0x61,0xf8,0xcc,0x15,0x05,0x21,0x3e,0xd3,0x0d,0xc1,0x20,0x58,
    0x2e,0x0a,0x58,0x7c,0x2c,0x68,0x43,0x81,0x3e,0x23,0x06,0x06,0x00,0x82,0x60,0x40,
    0xad,0xa5,0x30,0x96,0x42,0x60,0x41,0x2d,0x0a,0xf2,0xb1,0x80,0x16,0x05,0xf8,0x58,
    0x2d,0x0a,0x01,0x7d,0x2c,0xc8,0x45,0x41,0x3e,0x16,0xec,0xa2,0x00,0x1f,0x0b,0x06,
    0xf9,0x58,0xe0,0x8b,0x02,0x7c,0x2c,0x28,0xe4,0x63,0x41,0x38,0x0a,0xf0,0xb1,0xe0,
    0x90,0x8f,0x05,0xe4,0x28,0xc0,0xc7,0x18,0x46,0x3e,0x16,0x80,0xa3,0x20,0x9f,0x11,
    0x03,0x03,0x00,0x41,0x30,0xa0,0xf2,0x52,0x48,0x49,0x21,0x30,0x26,0x1d,0x05,0xf9,
    0x58,0x20,0xc8,0xc7,0x02,0x43,0x3e,0xc3,0x11,0xd3,0x38,0x0a,0xc3,0x67,0xe5,0x28,
    0x08,0xf1,0x99,0x6e,0x08,0x06,0xc1,0xb0,0x20,0x3e,0x23,0x06,0x07,0x00,0x82,0x60,
    0x60,0x81,0xa6,0x00,0x93,0xc2,0x39,0x0a,0x81,0x89,0x82,0x28,0xc8,0xc7,0x82,0x75,
    0x14,0xe4,0x33,0x62,0x60,0x00,0x20,0x08,0x06,0x14,0x69,0x0a,0x34,0x29,0x04,0x16,
    0x10,0xf2,0xb1,0x53,0xa2,0x0d,0xf8,0x58,0xa0,0x8a,0x82,0x7c,0x0c,0x1f,0x85,0x20,
    0x3e,0x26,0xc0,0x10,0x7c,0x2c,0x10,0xe4,0x63,0x81,0xfd,0xc0,0x67,0xc4,0xe0,0x00,
    0x40,0x10,0x0c,0xac,0xd5,0x14,0x76,0x52,0x90,0x47,0x21,0x18,0x31,0x30,0x00,0x10,
    0x04,0x03,0xaa,0x35,0x85,0x9f,0x14,0x02,0x0b,0x5a,0x09,0x3e,0x66,0x43,0x87,0x7c,
    0x2c,0x10,0x21,0xf8,0x98,0xa2,0xc8,0xc7,0x84,0x20,0x3e,0xc3,0x11,0x45,0x3e,0x0a,
    0xc2,0x57,0xf4,0x13,0xa8,0x0d,0x07,0x7d,0x2c,0x91,0x1f,0xf8,0x4c,0x37,0x08,0xc1,
    0x60,0x0b,0xfc,0xc0,0xc7,0x02,0x5e,0x14,0xe8,0x33,0x62,0x60,0x00,0x20,0x08,0x06,
    0x94,0x6e,0x0a,0xb2,0x29,0x04,0x16,0x90,0xa4,0x20,0x1f,0x0b,0x46,0x52,0x80,0x8f,
    0x91,0xa4,0x10,0xd0,0xc7,0x02,0x94,0x14,0xe4,0x63,0x81,0x4a,0x0a,0xf0,0xb1,0x60,
    0x90,0x8f,0x05,0x2d,0x29,0xc0,0xc7,0x82,0x42,0x3e,0x16,0xc0,0xa4,0x00,0x1f,0x0b,
    0x0e,0xf9,0x58,0x30,0x93,0x02,0x7c,0x8c,0x61,0xe4,0x63,0xc1,0x4b,0x0a,0xf2,0x19,
    0x31,0x30,0x00,0x10,0x04,0x03,0x0a,0x3d,0x05,0xbc,0x14,0x02,0x63,0x70,0x52,0x90,
    0x8f,0x05,0x82,0x7c,0x2c,0x30,0xe4,0x33,0x1c,0x31,0xc9,0xa4,0x30,0x7c,0x46,0x93,
    0x82,0x10,0x9f,0xe9,0x86,0x60,0x10,0xec,0x27,0x05,0x2c,0x3e,0x16,0xcc,0xa3,0x40,
    0x9f,0x11,0x03,0x03,0x00,0x41,0x30,0xa0,0xe2,0x53,0x48,0x4f,0x21,0xb0,0x60,0x27,
    0x05,0xf9,0x58,0xa0,0x93,0x02,0x7c,0x6c,0x27,0x85,0x80,0x3e,0x16,0xfc,0xa4,0x20,
    0x1f,0x0b,0xc2,0x52,0x80,0x8f,0x05,0x83,0x7c,0x2c,0x20,0x4b,0x01,0x3e,0x16,0x14,
    0xf2,0xb1,0xe0,0x2c,0x05,0xf8,0x58,0x70,0xc8,0xc7,0x02,0xb5,0x14,0xe0,0x63,0x0c,
    0x23,0x1f,0x0b,0xcc,0x52,0x90,0xcf,0x88,0x81,0x01,0x80,0x20,0x18,0x50,0xff,0x29,
    0xbc,0xa6,0x10,0x18,0xf3,0x96,0x82,0x7c,0x2c,0x10,0xe4,0x63,0x81,0x21,0x9f,0xe1,
    0x88,0x29,0x2d,0x85,0xe1,0xb3,0xb5,0x14,0x84,0xf8,0x4c,0x37,0x04,0x83,0x60,0x58,
    0x10,0x9f,0x11,0x83,0x03,0x00,0x41,0x30,0xb0,0x4c,0x54,0xb0,0x4d,0xa1,0x2d,0x85,
    0xc0,0x44,0x41,0x14,0xe4,0x63,0x41,0x5c,0x0a,0xf2,0x19,0x31,0x30,0x00,0x10,0x04,
    0x03,0x4a,0x45,0x05,0xdd,0x14,0x02,0x0b,0x08,0xf9,0x58,0x4b,0x85,0x0b,0x7c,0x2c,
    0x80,0x49,0x41,0x3e,0xe6,0x97,0x42,0x10,0x1f,0x13,0x6c,0x09,0x3e,0x16,0x08,0xf2,
    0xb1,0x80,0x8f,0xe0,0x33,0x62,0x70,0x00,0x20,0x08,0x06,0x56,0x8c,0x0a,0xe1,0x29,
    0xe0,0xa5,0x10,0x8c,0x18,0x18,0x00,0x08,0x82,0x01,0x35,0xa3,0x42,0x79,0x0a,0x81,
    0x05,0x33,0x05,0x1f,0xe3,0xa5,0x43,0x3e,0x16,0xa0,0x12,0x7c,0x4c,0x51,0xe4,0x63,
    0x42,0x10,0x9f,0xe1,0x88,0xe2,0x2f,0x05,0xe1,0x2b,0x3d,0x0a,0xd4,0x86,0x83,0x3e,
    0x96,0xe0,0x11,0x7c,0xa6,0x1b,0x84,0x60,0xb0,0xc5,0x8e,0xe0,0x63,0x81,0x58,0x0a,
    0xf4,0x19,0x31,0x30,0x00,0x10,0x04,0x03,0x0a,0x4c,0x05,0x1c,0x15,0x02,0x0b,0x54,
    0x53,0x90,0x8f,0x05,0xa9,0x29,0xc0,0xc7,0x54,0x53,0x08,0xe8,0x63,0x81,0x6b,0x0a,
    0xf2,0xb1,0x00,0x36,0x05,0xf8,0x58,0x30,0xc8,0xc7,0x82,0xd9,0x14,0xe0,0x63,0x41,
    0x21,0x1f,0x0b,0x6c,0x53,0x80,0x8f,0x05,0x87,0x7c,0x2c,0xc8,0x4d,0x01,0x3e,0xc6,
    0x30,0xf2,0xb1,0xa0,0x36,0x05,0xf9,0x8c,0x18,0x18,0x00,0x08,0x82,0x01,0xe5,0xa6,
    0x82,0x7f,0x0a,0x81,0x31,0xbe,0x29,0xc8,0xc7,0x02,0x41,0x3e,0x16,0x18,0xf2,0x19,
    0x8e,0x98,0x70,0x53,0x18,0x3e,0xd3,0x4d,0x41,0x88,0xcf,0x74,0x43,0x30,0x08,0x56,
    0x9e,0x02,0x16,0x1f,0x0b,0xf2,0x52,0xa0,0xcf,0x88,0x81,0x01,0x80,0x20,0x18,0x50,
    0x77,0x2a,0xbc,0xa9,0x10,0x58,0x10,0x9e,0x82,0x7c,0x2c,0x00,0x4f,0x01,0x3e,0x16,
    0x9e,0x42,0x40,0x1f,0x0b,0xca,0x53,0x90,0x8f,0x05,0xe7,0x29,0xc0,0xc7,0x82,0x41,
    0x3e,0x16,0xa8,0xa7,0x00,0x1f,0x0b,0x0a,0xf9,0x58,0xd0,0x9e,0x02,0x7c,0x2c,0x38,
    0xe4,0x63,0x01,0x7c,0x0a,0xf0,0x31,0x86,0x91,0x8f,0x05,0xec,0x29,0xc8,0x67,0xc4,
    0xc0,0x00,0x40,0x10,0x0c,0xa8,0x52,0x15,0x6a,0x54,0x08,0x8c,0xa9,0x4f,0x41,0x3e,
    0x16,0x08,0xf2,0xb1,0xc0,0x90,0xcf,0x70,0xc4,0xf4,0x9e,0xc2,0xf0,0x59,0x7c,0x0a,
    0x42,0x7c,0xa6,0x1b,0x82,0x41,0x30,0x2c,0x88,0xcf,0x88,0xc1,0x01,0x80,0x20,0x18,
    0x58,0xac,0x2a,0xf0,0xa8,0x30,0x9f,0x42,0x60,0xa2,0x20,0x0a,0xf2,0xb1,0xe0,0x3e,
    0x05,0xf9,0x8c,0x18,0x18,0x00,0x08,0x82,0x01,0x05,0xab,0x02,0x98,0x0a,0x81,0x05,
    0x84,0x7c,0x6c,0xb6,0xdc,0x07,0x3e,0x16,0xd8,0xa6,0x20,0x1f,0x23,0x51,0x21,0x88,
    0x8f,0x09,0x3c,0x05,0x1f,0x0b,0x04,0xf9,0x58,0x20,0x52,0xf0,0x19,0x31,0x38,0x00,
    0x10,0x04,0x03,0xeb,0x56,0x85,0x33,0x15,0xfc,0x53,0x08,0x46,0x0c,0x0c,0x00,0x04,
    0xc1,0x80,0xca,0x55,0x61,0x4d,0x85,0xc0,0x82,0xdc,0x82,0x8f,0x89,0xd5,0x21,0x1f,
    0x0b,0x5c,0x0a,0x3e,0xa6,0x28,0xf2,0x31,0x21,0x88,0xcf,0x70,0x44,0x51,0xa2,0x82,
    0xf0,0x15,0x48,0x05,0x6a,0xc3,0x41,0x1f,0x4b,0xfc,0x09,0x3e,0xd3,0x0d,0x42,0x30,
    0xd8,0xc2,0x4f,0xf0,0xb1,0x00,0x3d,0x05,0xfa,0x8c,0x18,0x18,0x00,0x08,0x82,0x01,
    0x65,0xae,0x82,0xaf,0x0a,0x81,0x05,0x30,0x2a,0xc8,0xc7,0x82,0x17,0x15,0xe0,0x63,
    0x30,0x2a,0x04,0xf4,0xb1,0x80,0x46,0x05,0xf9,0x58,0x60,0xa3,0x02,0x7c,0x2c,0x18,
    0xe4,0x63,0x41,0x8e,0x0a,0xf0,0xb1,0xa0,0x90,0x8f,0x05,0x3c,0x2a,0xc0,0xc7,0x82,
    0x43,0x3e,0x16,0xfc,0xa8,0x00,0x1f,0x63,0x18,0xf9,0x58,0xb0,0xa3,0x82,0x7c,0x46,
    0x0c,0x0c,0x00,0x04,0xc1,0x80,0xa2,0x57,0x81,0x54,0x85,0xc0,0x18,0x32,0x15,0xe4,
    0x63,0x81,0x20,0x1f,0x0b,0x0c,0xf9,0x0c,0x47,0x4c,0x3e,0x2a,0x0c,0x9f,0x81,0xa9,
    0x20,0xc4,0x67,0xba,0x21,0x18,0x04,0x5b,0x53,0x01,0x8b,0x8f,0x05,0xff,0x29,0xd0,
    0x67,0xc4,0xc0,0x00,0x40,0x10,0x0c,0xa8,0x7e,0x15,0xea,0x55,0x08,0x2c,0x38,0x53,
    0x41,0x3e,0x16,0x98,0xa9,0x00,0x1f,0x3b,0x53,0x21,0xa0,0x8f,0x05,0x6b,0x2a,0xc8,
    0xc7,0x82,0x36,0x15,0xe0,0x63,0xc1,0x20,0x1f,0x0b,0xe0,0x54,0x80,0x8f,0x05,0x85,
    0x7c,0x2c,0x98,0x53,0x01,0x3e,0x16,0x1c,0xf2,0xb1,0xc0,0x4e,0x05,0xf8,0x18,0xc3,
    0xc8,0xc7,0x02,0x39,0x15,0xe4,0x33,0x62,0x60,0x00,0x20,0x08,0x06,0xd4,0xca,0x0a,
    0xbb,0x2a,0x04,0xc6,0xec,0xa9,0x20,0x1f,0x0b,0x04,0xf9,0x58,0x60,0xc8,0x67,0x38,
    0x62,0xaa,0x53,0x61,0xf8,0xec,0x4e,0x05,0x21,0x3e,0xd3,0x0d,0xc1,0x20,0x18,0x16,
    0xc4,0x67,0xc4,0xe0,0x00,0x40,0x10,0x0c,0x2c,0x99,0x15,0xc4,0x55,0xc8,0x53,0x21,
    0x30,0x51,0x10,0x05,0xf9,0x58,0xd0,0xa7,0x82,0x7c,0x46,0x0c,0x0c,0x00,0x04,0xc1,
    0x80,0xb2,0x59,0xc1,0x5c,0x85,0xc0,0x02,0x42,0x3e,0x96,0x63,0xfb,0x04,0x1f,0x0b,
    0x78,0x54,0x90,0x8f,0xa9,0xaa,0x10,0xc4,0xc7,0x04,0xf1,0x82,0x8f,0x05,0x82,0x7c,
    0x2c,0x40,0x2d,0xf8,0x8c,0x18,0x1c,0x00,0x08,0x82,0x81,0xd5,0xb3,0x42,0xbb,0x0a,
    0xa4,0x2a,0x04,0x23,0x06,0x06,0x00,0x82,0x60,0x40,0xfd,0xac,0x10,0xaf,0x42,0x60,
    0xc1,0x8f,0xc1,0xc7,0xd0,0xeb,0x90,0x8f,0x05,0xb4,0x05,0x1f,0x53,0x14,0xf9,0x98,
    0x10,0xc4,0x67,0x38,0xa2,0x58,0x55,0x41,0xf8,0xca,0xb4,0x02,0xb5,0xe1,0xa0,0x8f,
    0x25,0xa4,0x05,0x9f,0xe9,0x06,0x21,0x18,0x6c,0x11,0x2d,0xf8,0x58,0xe0,0xa6,0x02,
    0x7d,0x46,0x0c,0x0c,0x00,0x04,0xc1,0x80,0x62,0x5b,0x81,0x6c,0x85,0xc0,0x02,0x5b,
    0x15,0xe4,0x63,0x41,0xad,0x0a,0xf0,0x31,0x5b,0x15,0x02,0xfa,0x58,0xa0,0xab,0x82,
    0x7c,0x2c,0xe0,0x55,0x01,0x3e,0x16,0x0c,0xf2,0xb1,0xe0,0x57,0x05,0xf8,0x58,0x50,
    0xc8,0xc7,0x02,0x71,0x15,0xe0,0x63,0xc1,0x21,0x1f,0x0b,0xca,0x55,0x80,0x8f,0x31,
    0x8c,0x7c,0x2c,0x08,0x57,0x41,0x3e,0x23,0x06,0x06,0x00,0x82,0x60,0x40,0xe9,0xad,
    0xa0,0xb2,0x42,0x60,0x8c,0xba,0x0a,0xf2,0xb1,0x40,0x90,0x8f,0x05,0x86,0x7c,0x86,
    0x23,0x26,0x72,0x15,0x86,0xcf,0xcc,0x55,0x10,0xe2,0x33,0xdd,0x10,0x0c,0x82,0xc5,
    0xab,0x80,0xc5,0xc7,0x82,0x52,0x15,0xe8,0x33,0x62,0x60,0x00,0x20,0x08,0x06,0xd4,
    0xe8,0x0a,0x7b,0x2b,0x04,0x16,0xb4,0xab,0x20,0x1f,0x0b,0xd8,0x55,0x80,0x8f,0xb5,
    0xab,0x10,0xd0,0xc7,0x82,0x78,0x15,0xe4,0x63,0xc1,0xbc,0x0a,0xf0,0xb1,0x60,0x90,
    0x8f,0x05,0xf6,0x2a,0xc0,0xc7,0x82,0x42,0x3e,0x16,0xe4,0xab,0x00,0x1f,0x0b,0x0e,
    0xf9,0x58,0xc0,0xaf,0x02,0x7c,0x8c,0x61,0xe4,0x63,0x01,0xbe,0x0a,0xf2,0x19,0x31,
    0x30,0x00,0x10,0x04,0x03,0x2a,0x76,0x85,0xb0,0x15,0x02,0x63,0x42,0x56,0x90,0x8f,
    0x05,0x82,0x7c,0x2c,0x30,0xe4,0x33,0x1c,0x31,0xed,0xab,0x30,0x7c,0xd6,0xaf,0x82,
    0x10,0x9f,0xe9,0x86,0x60,0x10,0x0c,0x0b,0xe2,0x33,0x62,0x70,0x00,0x20,0x08,0x06,
    0x16,0xee,0x0a,0x68,0x2b,0xfc,0xab,0x10,0x98,0x28,0x88,0x82,0x7c,0x2c,0x18,0x59,
    0x41,0x3e,0x23,0x06,0x06,0x00,0x82,0x60,0x40,0xf1,0xae,0xc0,0xb6,0x42,0x60,0x01,
    0x21,0x1f,0xfb,0xb5,0x17,0x83,0x8f,0x05,0xe2,0x2a,0xc8,0xc7,0x60,0x56,0x08,0xe2,
    0x63,0x02,0x9a,0xc1,0xc7,0x02,0x41,0x3e,0x16,0xb8,0x18,0x7c,0x46,0x0c,0x0e,0x00,
    0x04,0xc1,0xc0,0x1a,0x5f,0x61,0x6e,0x05,0x95,0x15,0x82,0x11,0x03,0x03,0x00,0x41,
    0x30,0xa0,0xca,0x57,0xb8,0x5b,0x21,0xb0,0xa0,0xdc,0xe0,0x63,0x6e,0x76,0xc8,0xc7,
    0x02,0x1d,0x83,0x8f,0x29,0x8a,0x7c,0x4c,0x08,0xe2,0x33,0x1c,0x51,0xc4,0xac,0x20,
    0x7c,0xc5,0x62,0x81,0xda,0x70,0xd0,0xc7,0x12,0x15,0x83,0xcf,0x74,0x83,0x10,0x0c,
    0xb6,0xa0,0x18,0x7c,0x2c,0xa0,0x57,0x81,0x3e,0x23,0x06,0x06,0x00,0x82,0x60,0x40,
    0xc9,0xaf,0xa0,0xbe,0x42,0x60,0x01,0xcf,0x0a,0xf2,0xb1,0x60,0x67,0x05,0xf8,0x18,
    0xcf,0x0a,0x01,0x7d,0x2c,0x00,0x5b,0x41,0x3e,0x16,0x88,0xad,0x00,0x1f,0x0b,0x06,
    0xf9,0x58,0x50,0xb6,0x02,0x7c,0x2c,0x28,0xe4,0x63,0x01,0xda,0x0a,0xf0,0xb1,0xe0,
    0x90,0x8f,0x05,0x6b,0x2b,0xc0,0xc7,0x18,0x46,0x3e,0x16,0x9c,0xad,0x20,0x9f,0x11,
    0x03,0x03,0x00,0x41,0x30,0xa0,0x40,0x58,0x80,0x5d,0x21,0x30,0x06,0x6e,0x05,0xf9,
    0x58,0x20,0xc8,0xc7,0x02,0x43,0x3e,0xc3,0x11,0x93,0xda,0x0a,0xc3,0x67,0x6c,0x2b,
    0x08,0xf1,0x99,0x6e,0x08,0x06,0xc1,0xee,0x56,0xc0,0xe2,0x63,0xc1,0xca,0x0a,0xf4,
    0x19,0x31,0x30,0x00,0x10,0x04,0x03,0x2a,0x85,0x85,0x10,0x16,0x02,0x0b,0xe6,0x56,
    0x90,0x8f,0x05,0x72,0x2b,0xc0,0xc7,0xe6,0x56,0x08,0xe8,0x63,0xc1,0xdd,0x0a,0xf2,
    0xb1,0x20,0x6f,0x05,0xf8,0x58,0x30,0xc8,0xc7,0x02,0xbe,0x15,0xe0,0x63,0x41,0x21,
    0x1f,0x0b,0xfe,0x56,0x80,0x8f,0x05,0x87,0x7c,0x2c,0x10,0x5d,0x01,0x3e,0xc6,0x30,
    0xf2,0xb1,0xc0,0x6f,0x05,0xf9,0x8c,0x18,0x18,0x00,0x08,0x82,0x01,0x75,0xc3,0xc2,
    0xf9,0x0a,0x81,0x31,0xa7,0x2b,0xc8,0xc7,0x02,0x41,0x3e,0x16,0x18,0xf2,0x19,0x8e,
    0x98,0x42,0x57,0x18,0x3e,0x1b,0x5d,0x41,0x88,0xcf,0x74,0x43,0x30,0x08,0x86,0x05,
    0xf1,0x19,0x31,0x38,0x00,0x10,0x04,0x03,0xcb,0x87,0x05,0xf7,0x15,0x4a,0x57,0x08,
    0x4c,0x14,0x44,0x41,0x3e,0x16,0xa4,0xae,0x20,0x9f,0x11,0x03,0x03,0x00,0x41,0x30,
    0xa0,0xc4,0x58,0x90,0x5f,0x21,0xb0,0x80,0x90,0x8f,0xfd,0x4a,0xd9,0xc0,0xc7,0x82,
    0xdf,0x15,0xe4,0x63,0x3b,0xe2,0x3e,0xf0,0xb1,0x00,0x7c,0x05,0xf9,0xd8,0x6d,0xdc,
    0x11,0x7c,0x2c,0x08,0x5f,0x41,0x3e,0x36,0x13,0x20,0x05,0x1f,0x0b,0xc4,0x57,0x90,
    0x8f,0xbd,0x42,0x6a,0xc1,0xc7,0x82,0xf1,0x15,0xe4,0x63,0x8b,0x8c,0xc1,0xc7,0x02,
    0xf2,0x15,0xe4,0x63,0xc9,0x02,0x1f,0x0b,0x10,0xf8,0x58,0x70,0xc0,0xc7,0x02,0x03,
    0x3e,0x16,0x14,0xf0,0xb1,0xba,0x4b,0x5f,0x41,0x3e,0x16,0x08,0xf2,0x99,0x25,0xe0,
    0x06,0x2a,0x06,0x61,0xd3,0x7b,0x42,0x33,0xd0,0x0b,0xe0,0x33,0x4b,0xd0,0x0d,0x94,
    0x0c,0x02,0x67,0xde,0xc3,0x25,0xf7,0x83,0xe5,0xb3,0x44,0x34,0x62,0x60,0x00,0x20,
    0x08,0x06,0x94,0x1e,0x0b,0x6a,0x2c,0x04,0x16,0xfc,0xad,0x20,0x1f,0x0b,0x46,0x57,
    0x90,0x8f,0x09,0xa3,0x2b,0xc8,0xc7,0x86,0xd1,0x15,0xe4,0x33,0x4b,0x60,0x06,0xc3,
    0x0d,0xaa,0x2b,0xdc,0xb1,0x00,0x06,0xb3,0x0c,0x1f,0x18,0x04,0x23,0x06,0x07,0x00,
    0x82,0x60,0x80,0xf9,0xb1,0x90,0xc3,0x02,0xeb,0x0a,0x71,0x2c,0x54,0xc0,0xc7,0x02,
    0x8c,0x18,0x24,0x00,0x08,0x82,0x41,0xe7,0xc7,0x02,0x0e,0x0b,0x68,0x2c,0xf0,0xb1,
    0x10,0xf4,0xb0,0x30,0x62,0xf0,0x00,0x20,0x08,0x06,0x12,0x29,0x0b,0x3a,0x2c,0x04,
    0xe7,0x2b,0x98,0xae,0x50,0xba,0xc2,0x0b,0x0b,0x2f,0x2c,0xf4,0xb1,0xd0,0xc7,0x02,
    0x0d,0x0b,0xe9,0x2b,0x8c,0x26,0x04,0xc0,0x68,0x82,0x10,0x8c,0x26,0x0c,0xc2,0x68,
    0x02,0x31,0x18,0xc1,0xba,0x82,0x7c,0x8c,0x68,0x5d,0x41,0x3e,0x46,0xb8,0xae,0x20,
    0x1f,0x23,0x5e,0x57,0x90,0xcf,0x2c,0x81,0x19,0x0c,0x37,0xdc,0xae,0xe0,0xc7,0x02,
    0x18,0xcc,0x32,0x84,0x81,0x18,0x04,0x23,0x06,0x0f,0x00,0x82,0x60,0x20,0xb9,0xb2,
    0x40,0xc6,0x82,0xfc,0x0a,0xf1,0x2b,0xc0,0xae,0xf0,0xba,0x42,0x0e,0x0b,0x39,0x2c,
    0x9c,0xb2,0x70,0xca,0x82,0x0f,0x0b,0xf3,0x2b,0x8c,0x26,0x04,0xc0,0x68,0x82,0x10,
    0x8c,0x26,0x0c,0xc2,0x68,0x02,0x31,0x98,0xed,0x0a,0xb9,0x2b,0xc8,0xc7,0x82,0x42,
    0x3e,0x86,0xbb,0x82,0xee,0x0a,0xf2,0xb1,0xc0,0x90,0x8f,0xe9,0xae,0xb0,0xbb,0x82,
    0x7c,0x2c,0x38,0xe4,0x63,0x07,0xef,0x0a,0xf2,0x99,0x25,0x30,0x83,0xe1,0x06,0xf2,
    0x15,0x5e,0x59,0x00,0x83,0x59,0x86,0x31,0x20,0x83,0x60,0xc4,0xe0,0x00,0x40,0x10,
    0x0c,0x30,0x5c,0x16,0xe6,0x58,0x30,0x5f,0x61,0x95,0x85,0x0a,0x6c,0x59,0x80,0x11,
    0x83,0x04,0x00,0x41,0x30,0xe8,0x70,0x59,0x90,0x63,0x41,0x94,0x05,0x5b,0x16,0x82,
    0x3b,0x16,0x46,0x0c,0x1e,0x00,0x04,0xc1,0x40,0xf2,0x65,0x81,0x8e,0x85,0x20,0x84,
    0x05,0xf0,0x15,0x7e,0x57,0x48,0x63,0x21,0x8d,0x85,0x5b,0x16,0x6e,0x59,0x70,0x63,
    0x61,0x84,0x85,0xd1,0x84,0x00,0x98,0x25,0x28,0x03,0x03,0x5f,0x01,0x86,0x05,0xf9,
    0x18,0xf8,0x0a,0x31,0x2c,0xc8,0xc7,0xc0,0x57,0x10,0xe2,0x63,0xe0,0x2b,0x08,0xf1,
    0x19,0x31,0x30,0x00,0x10,0x04,0x03,0x6a,0x9c,0x85,0x5d,0x16,0x84,0x11,0x03,0x03,
    0x00,0x41,0x30,0xa0,0xc8,0x59,0xe0,0x65,0x41,0x30,0xe3,0x7d,0x85,0xf8,0x98,0x01,
    0xbf,0x42,0x7c,0x8c,0x10,0xe2,0x63,0x84,0x10,0x9f,0x11,0x83,0x03,0x00,0x41,0x30,
    0xb0,0xd0,0x59,0xc0,0x63,0x41,0x78,0x61,0x61,0xc4,0xe0,0x00,0x40,0x10,0x0c,0xac,
    0x74,0x16,0xf2,0x58,0x10,0x60,0x58,0x30,0x41,0x90,0x8f,0x09,0x82,0x7c,0x2c,0x10,
    0xe0,0x33,0x62,0x60,0x00,0x20,0x08,0x06,0x94,0x3b,0x0b,0xa0,0x2c,0x04,0x23,0x06,
    0x07,0x00,0x82,0x60,0x60,0xb9,0xb3,0xe0,0xc7,0x02,0x72,0x8c,0x18,0x1c,0x00,0x08,
    0x82,0x81,0xf5,0xce,0xc2,0x28,0x0b,0x81,0x0d,0x0b,0x36,0xec,0xaf,0x10,0x1f,0x13,
    0x02,0xf8,0x8c,0x18,0x18,0x00,0x08,0x82,0x01,0x35,0xcf,0xc2,0x29,0x0b,0xc1,0x88,
    0x81,0x01,0x80,0x20,0x18,0x50,0xf4,0x2c,0xb0,0xb3,0x10,0x8c,0x18,0x18,0x00,0x08,
    0x82,0x01,0x55,0xcf,0x82,0x2a,0x0b,0xc3,0x88,0x81,0x01,0x80,0x20,0x18,0x50,0xf6,
    0x2c,0xb8,0xb3,0x10,0x58,0x30,0xc0,0xc7,0x82,0x34,0x16,0xe4,0x33,0x62,0x70,0x00,
    0x20,0x08,0x06,0x16,0x3e,0x0b,0xa8,0x2c,0x04,0xa7,0x2c,0x58,0xc0,0xc6,0x82,0x7c,
    0x4c,0x48,0xe0,0x63,0x81,0x40,0x9f,0x11,0x03,0x03,0x00,0x41,0x30,0xa0,0xfa,0x59,
    0x68,0x67,0x21,0xb0,0x00,0x8e,0x05,0xf9,0x98,0x2a,0x0b,0x41,0x7c,0x6c,0x18,0xe4,
    0x63,0x81,0x20,0x1f,0x4b,0x63,0x21,0x88,0xcf,0x2c,0x41,0x19,0x0c,0x54,0x0c,0xaa,
    0x30,0x06,0x02,0x19,0x58,0x80,0xc2,0x82,0x7c,0x2c,0x60,0x61,0x41,0x3e,0x26,0xb0,
    0xb0,0x20,0x1f,0x1b,0x58,0x58,0x90,0xcf,0x2c,0x81,0x19,0x0c,0x94,0x0c,0x38,0xd1,
    0x81,0xc4,0xa7,0x0e,0x61,0x60,0x94,0xc1,0x40,0xc9,0x80,0x13,0x1d,0x48,0x7c,0xe8,
    0x10,0x06,0x46,0x19,0x0c,0x94,0x0c,0x38,0xd1,0x81,0xc4,0x67,0x0e,0x61,0x60,0x94,
    0xc1,0x40,0xc9,0x00,0x16,0x1d,0x48,0x7c,0xe6,0x10,0x06,0x4e,0x19,0x54,0xac,0x0a,
    0x81,0x94,0xac,0x0a,0x83,0xd4,0xac,0x0a,0x85,0x14,0xad,0x0a,0x87,0x8c,0x18,0x24,
    0x00,0x08,0x82,0x81,0x32,0xd3,0x82,0x48,0x0b,0x2a,0x2d,0xa8,0xb4,0x60,0xcf,0x42,
    0x30,0x62,0x90,0x00,0x20,0x08,0x06,0xca,0x4c,0x0b,0x22,0x2d,0xa8,0xb4,0xa0,0xd2,
    0x02,0x3d,0x0b,0xc2,0x88,0x41,0x02,0x80,0x20,0x18,0x28,0x33,0x2d,0x88,0xb4,0xa0,
    0xd2,0x82,0x4a,0x0b,0xf5,0x2c,0x0c,0x23,0x06,0x09,0x00,0x82,0x60,0xa0,0xcc,0xb4,
    0x20,0xd2,0x82,0x4a,0x0b,0x2a,0x2d,0xe0,0xb3,0x40,0x60,0x40,0x0c,0x00,0x00,0x00,
    0x1d,0x00,0x00,0x00,0x5b,0x86,0xe1,0x59,0x83,0x2d,0x03,0xf1,0xac,0xc1,0x96,0x61,
    0x7b,0xd6,0x60,0xcb,0x20,0x06,0xcf,0x1a,0x6c,0x19,0xc6,0xe0,0x59,0x83,0x2d,0x03,
    0x19,0x3c,0x6b,0xb0,0x65,0x28,0x83,0x67,0x0d,0xb6,0x0c,0x66,0xf0,0xac,0xc1,0x96,
    0xe1,0x0c,0x9e,0x35,0xd8,0x32,0xa8,0xc1,0xb3,0x06,0x5b,0x86,0x35,0x78,0xd6,0x60,
    0xcb,0xe0,0x1f,0xcf,0x1a,0x6c,0x19,0x40,0xe4,0x59,0x83,0x2d,0x43,0x88,0x3c,0x6b,
    0xb0,0x65,0x00,0xa3,0x67,0x0d,0xb6,0x0c,0x63,0xf4,0xac,0xc1,0x96,0x01,0xa5,0x9e,
    0x35,0xd8,0x32,0xa4,0xd4,0xb3,0x06,0x5b,0x06,0x3d,0x0e,0x9e,0x35,0xd8,0x32,0xf4,
    0x71,0xf0,0xac,0x01,0x00,0x00,0x00,0x00,0x00,0x00,0x00,0x00,0x00,0x00,0x00,0x00,
};
